asin,sentiment
B0CLB4XLCF,Positive
B0CLB4XLCF,Positive
B0CLB4XLCF,Positive
B0CLB4XLCF,Neutral
B0CLB4XLCF,Positive
B0CLB4XLCF,Negative
B0CLB4XLCF,Positive
B0CLB4XLCF,Neutral
B091FSJGTP,Positive
B091FSJGTP,Positive
B091FSJGTP,Positive
B091FSJGTP,Neutral
B091FSJGTP,Positive
B091FSJGTP,Positive
B091FSJGTP,Positive
B091FSJGTP,Positive
B07NZ679B8,Positive
B07NZ679B8,Positive
B07NZ679B8,Positive
B07NZ679B8,Positive
B07NZ679B8,Positive
B07NZ679B8,Positive
B07NZ679B8,Neutral
B07NZ679B8,Neutral
B07NZ679B8,Positive
B07NZ679B8,Positive
B07NZ679B8,Neutral
B0BQRTQ1XK,Positive
B0BQRTQ1XK,Positive
B0BQRTQ1XK,Neutral
B0BQRTQ1XK,Positive
B0BQRTQ1XK,Positive
B0BQRTQ1XK,Positive
B0BQRTQ1XK,Positive
B0BQRTQ1XK,Positive
B0BQRTQ1XK,Negative
B0DNK1WFV6,Positive
B0DNK1WFV6,Positive
B0DNK1WFV6,Positive
B0DNK1WFV6,Positive
B0DNK1WFV6,Positive
B0DNK1WFV6,Neutral
B0DNK1WFV6,Positive
B09YHHV9K4,Positive
B09YHHV9K4,Positive
B09YHHV9K4,Positive
B09YHHV9K4,Positive
B0C8BHWY6S,Positive
B0C8BHWY6S,Positive
B0C8BHWY6S,Positive
B0C8BHWY6S,Positive
B0C8BHWY6S,Positive
B0C8BHWY6S,Positive
B0C8BHWY6S,Positive
B0C8BHWY6S,Positive
B098ZNDWJ8,Positive
B098ZNDWJ8,Positive
B098ZNDWJ8,Neutral
B098ZNDWJ8,Neutral
B098ZNDWJ8,Positive
B098ZNDWJ8,Positive
B098ZNDWJ8,Positive
B098ZNDWJ8,Positive
B0CJ2D4GWY,Positive
B0CJ2D4GWY,Neutral
B0CJ2D4GWY,Positive
B0CJ2D4GWY,Positive
B0CJ2D4GWY,Positive
B0CJ2D4GWY,Positive
B0CJ2D4GWY,Positive
B0CJ2D4GWY,Positive
B08DRC16QM,Positive
B08DRC16QM,Positive
B08DRC16QM,Positive
B08DRC16QM,Neutral
B08DRC16QM,Positive
B08DRC16QM,Positive
B08DRC16QM,Neutral
B08DRC16QM,Neutral
B08DRC16QM,Neutral
B08DRC16QM,Neutral
B08DRC16QM,Neutral
B08DRC16QM,Neutral
B07GKHCM2S,Positive
B08BWQF2B9,Positive
B08BWQF2B9,Positive
B08BWQF2B9,Positive
B08BWQF2B9,Positive
B08BWQF2B9,Positive
B08BWQF2B9,Positive
B08BWQF2B9,Neutral
B08BWQF2B9,Positive
B0CMQM6977,Positive
B0CMQM6977,Positive
B0CMQM6977,Neutral
B0CMQM6977,Positive
B0CMQM6977,Positive
B0CMQM6977,Neutral
B0CMQM6977,Positive
B0CMQM6977,Negative
B07GCRHS5V,Positive
B07GCRHS5V,Positive
B07GCRHS5V,Neutral
B07GCRHS5V,Neutral
B07GCRHS5V,Positive
B07GCRHS5V,Positive
B07GCRHS5V,Positive
B07GCRHS5V,Neutral
B07GCRHS5V,Positive
B07GCRHS5V,Neutral
B07GCRHS5V,Positive
B07GCRHS5V,Positive
B07GCRHS5V,Negative
B08R2WTNQ6,Positive
B08R2WTNQ6,Positive
B08R2WTNQ6,Neutral
B08R2WTNQ6,Neutral
B08R2WTNQ6,Positive
B08R2WTNQ6,Positive
B08R2WTNQ6,Positive
B08R2WTNQ6,Positive
B08R2WTNQ6,Positive
B08R2WTNQ6,Neutral
B08R2WTNQ6,Positive
B08R2WTNQ6,Neutral
B08R2WTNQ6,Positive
B0CF25J5LS,Positive
B0CF25J5LS,Positive
B0CF25J5LS,Positive
B0CF25J5LS,Neutral
B0CF25J5LS,Positive
B0CF25J5LS,Positive
B0CF25J5LS,Positive
B0CF25J5LS,Positive
B0CF25J5LS,Positive
B082P7XWMN,Positive
B082P7XWMN,Positive
B082P7XWMN,Positive
B082P7XWMN,Negative
B082P7XWMN,Positive
B082P7XWMN,Positive
B082P7XWMN,Positive
B082P7XWMN,Neutral
B082P7XWMN,Neutral
B082P7XWMN,Neutral
B082P7XWMN,Positive
B082P7XWMN,Neutral
B082P7XWMN,Positive
B0D6YLBBZL,Neutral
B0D6YLBBZL,Positive
B0D6YLBBZL,Positive
B0D6YLBBZL,Positive
B01M102M7E,Positive
B01M102M7E,Negative
B01M102M7E,Positive
B01M102M7E,Positive
B07JYT4PZR,Positive
B07JYT4PZR,Neutral
B07JYT4PZR,Positive
B07JYT4PZR,Positive
B07JYT4PZR,Positive
B07JYT4PZR,Neutral
B07JYT4PZR,Positive
B07JYT4PZR,Positive
B0DGQTXDR3,Positive
B0DGQTXDR3,Positive
B0DGQTXDR3,Positive
B0BQRRHSDX,Positive
B0BQRRHSDX,Positive
B0BQRRHSDX,Neutral
B0BQRRHSDX,Positive
B0BQRRHSDX,Positive
B0BQRRHSDX,Positive
B0BQRRHSDX,Positive
B0BQRRHSDX,Positive
B0BQRRHSDX,Negative
B0CKN9M1S8,Neutral
B0CKN9M1S8,Neutral
B0CKN9M1S8,Positive
B0CKN9M1S8,Neutral
B0CKN9M1S8,Neutral
B0CKN9M1S8,Positive
B0CKN9M1S8,Positive
B0DGQWBBB2,Positive
B0DGQWBBB2,Positive
B0DGQWBBB2,Positive
B0DR8NYF9V,Positive
B0DR8NYF9V,Positive
B0DR8NYF9V,Positive
B0DR8NYF9V,Neutral
B0DR8NYF9V,Positive
B0DR8NYF9V,Negative
B0DR8NYF9V,Positive
B0DR8NYF9V,Neutral
B09HYQWQ52,Positive
B09HYQWQ52,Positive
B09HYQWQ52,Neutral
B0CZBVRSXT,Positive
B0CZBVRSXT,Positive
B0CZBVRSXT,Positive
B0CZBVRSXT,Neutral
B0CZBVRSXT,Positive
B0CZBVRSXT,Neutral
B08Q3XHP3M,Positive
B08Q3XHP3M,Positive
B08Q3XHP3M,Positive
B08Q3XHP3M,Positive
B08Q3XHP3M,Positive
B08Q3XHP3M,Positive
B08Q3XHP3M,Positive
B08Q3XHP3M,Positive
B0BQRS5RFG,Positive
B0BQRS5RFG,Positive
B0BQRS5RFG,Neutral
B0BQRS5RFG,Positive
B0BQRS5RFG,Positive
B0BQRS5RFG,Positive
B0BQRS5RFG,Positive
B0BQRS5RFG,Positive
B0BQRS5RFG,Negative
B09T742JN3,Positive
B09T742JN3,Positive
B09T742JN3,Negative
B09T742JN3,Positive
B09T742JN3,Positive
B09T742JN3,Positive
B0CRVHCLH8,Positive
B0CRVHCLH8,Positive
B0CT67CYNQ,Positive
B0CT67CYNQ,Positive
B0CT67CYNQ,Positive
B0CT67CYNQ,Positive
B0CT67CYNQ,Positive
B0CT67CYNQ,Positive
B08BLH2DHL,Positive
B08BLH2DHL,Positive
B08BLH2DHL,Positive
B08BLH2DHL,Positive
B08BLH2DHL,Positive
B08BLH2DHL,Positive
B08BLH2DHL,Positive
B07ZD6244S,Positive
B07ZD6244S,Neutral
B07ZD6244S,Positive
B07ZD6244S,Negative
B07ZD6244S,Positive
B07ZD6244S,Positive
B07ZD6244S,Positive
B07ZD6244S,Positive
B07ZD6244S,Neutral
B0D272B341,Positive
B0CZXRYVPR,Positive
B0CZXRYVPR,Positive
B0CZXRYVPR,Positive
B0CZXRYVPR,Positive
B0CZXRYVPR,Positive
B0CZXRYVPR,Positive
B0CZXRYVPR,Positive
B0CZXRYVPR,Positive
B0D364ZVBF,Positive
B0D364ZVBF,Positive
B0D364ZVBF,Positive
B07NNYRRF5,Positive
B07NNYRRF5,Neutral
B07NNYRRF5,Positive
B07NNYRRF5,Positive
B07NNYRRF5,Positive
B07NNYRRF5,Neutral
B07NNYRRF5,Positive
B07NNYRRF5,Positive
B07NNYRRF5,Neutral
B07NNYRRF5,Positive
B07NNYRRF5,Neutral
B07NNYRRF5,Positive
B07NNYRRF5,Neutral
B082P7RKY6,Positive
B082P7RKY6,Positive
B082P7RKY6,Positive
B082P7RKY6,Neutral
B082P7RKY6,Positive
B082P7RKY6,Neutral
B082P7RKY6,Positive
B082P7RKY6,Neutral
B082P7RKY6,Positive
B082P7RKY6,Positive
B082P7RKY6,Neutral
B082P7RKY6,Positive
B0B4WP7SV9,Positive
B0B4WP7SV9,Neutral
B0B4WP7SV9,Positive
B0B4WP7SV9,Positive
B0B4WP7SV9,Positive
B0B4WP7SV9,Neutral
B0B4WP7SV9,Neutral
B0B4WP7SV9,Positive
B096XM6BCW,Positive
B096XM6BCW,Positive
B096XM6BCW,Positive
B096XM6BCW,Positive
B096XM6BCW,Positive
B096XM6BCW,Positive
B096XM6BCW,Negative
B096XM6BCW,Positive
B096XM6BCW,Negative
B078GX9R5W,Positive
B078GX9R5W,Neutral
B078GX9R5W,Positive
B078GX9R5W,Positive
B078GX9R5W,Positive
B078GX9R5W,Negative
B078GX9R5W,Positive
B078GX9R5W,Positive
B078GX9R5W,Neutral
B078GX9R5W,Positive
B078GX9R5W,Positive
B078GX9R5W,Neutral
B078GX9R5W,Neutral
B0B6WNZCMT,Positive
B0B6WNZCMT,Neutral
B0B6WNZCMT,Neutral
B0B6WNZCMT,Neutral
B0B6WNZCMT,Neutral
B0868V2JKH,Positive
B0868V2JKH,Positive
B0868V2JKH,Positive
B0868V2JKH,Positive
B0868V2JKH,Neutral
B0868V2JKH,Positive
B0868V2JKH,Neutral
B0868V2JKH,Positive
B0868V2JKH,Positive
B0868V2JKH,Positive
B0868V2JKH,Neutral
B0868V2JKH,Neutral
B0868V2JKH,Neutral
B0F1YZMK2D,Positive
B0D94RSMC9,Positive
B0D94RSMC9,Positive
B0D94RSMC9,Positive
B0D94RSMC9,Positive
B0D94RSMC9,Positive
B0CLGJ18WB,Positive
B0CLGJ18WB,Neutral
B0CW21VCTJ,Neutral
B0CW21VCTJ,Neutral
B0CW21VCTJ,Positive
B0CW21VCTJ,Positive
B0CW21VCTJ,Neutral
B0C8KLLHS5,Positive
B0C8KLLHS5,Positive
B0C8KLLHS5,Positive
B0C8KLLHS5,Neutral
B0C8KLLHS5,Positive
B0DTB4R3VP,Neutral
B0DHH48RF6,Positive
B0CRCYJ8YV,Neutral
B0CRCYJ8YV,Positive
B0CRCYJ8YV,Positive
B0CRCYJ8YV,Neutral
B0CRCYJ8YV,Positive
B0BX6M5CPX,Positive
B0BX6M5CPX,Positive
B0BX6M5CPX,Positive
B0BX6M5CPX,Positive
B0BX6M5CPX,Positive
B0BX6M5CPX,Neutral
B0CNY2W1CP,Positive
B0CNY2W1CP,Positive
B0CNY2W1CP,Positive
B0CNY2W1CP,Positive
B0CNY2W1CP,Positive
B0CNY2W1CP,Neutral
B0CNY2W1CP,Neutral
B0CNY2W1CP,Neutral
B0CNY2W1CP,Positive
B07HFDQP1Y,Positive
B07HFDQP1Y,Positive
B07HFDQP1Y,Negative
B07HFDQP1Y,Positive
B07HFDQP1Y,Positive
B07HFDQP1Y,Neutral
B07HFDQP1Y,Positive
B07HFDQP1Y,Neutral
B07HFDQP1Y,Negative
B07HFDQP1Y,Neutral
B07HFDQP1Y,Neutral
B07HFDQP1Y,Neutral
B0C56YGYF4,Positive
B0C56YGYF4,Positive
B0C56YGYF4,Positive
B0C56YGYF4,Positive
B0C56YGYF4,Neutral
B0C56YGYF4,Positive
B0C14HZ14D,Positive
B0C14HZ14D,Negative
B0C14HZ14D,Positive
B0C14HZ14D,Neutral
B0C14HZ14D,Negative
B0C14HZ14D,Neutral
B0C14HZ14D,Positive
B0C14HZ14D,Neutral
B0BMW3P87R,Positive
B0BMW3P87R,Neutral
B0BMW3P87R,Positive
B0BMW3P87R,Positive
B0BMW3P87R,Neutral
B0BMW3P87R,Neutral
B0BMW3P87R,Neutral
B0BMW3P87R,Positive
B0BMW3P87R,Negative
B01LZE0396,Positive
B01LZE0396,Neutral
B01LZE0396,Negative
B01LZE0396,Positive
B01LZE0396,Positive
B01LZE0396,Positive
B01LZE0396,Positive
B01LZE0396,Positive
B01LZE0396,Neutral
B09JZFZJCJ,Positive
B09JZFZJCJ,Positive
B09JZFZJCJ,Positive
B09JZFZJCJ,Neutral
B09JZFZJCJ,Positive
B09JZFZJCJ,Positive
B09JZFZJCJ,Positive
B09JZFZJCJ,Neutral
B0CRHXYKZF,Positive
B0CRHXYKZF,Negative
B0CRHXYKZF,Positive
B0CRHXYKZF,Positive
B0CYZB8VFN,Positive
B0CYZB8VFN,Positive
B0CYZB8VFN,Neutral
B0CYZB8VFN,Positive
B0CYZB8VFN,Positive
B0D3CVRXMR,Positive
B0D3CVRXMR,Neutral
B0D3CVRXMR,Neutral
B0D3CVRXMR,Neutral
B0D3CVRXMR,Positive
B09NNQ6DT1,Positive
B09NNQ6DT1,Positive
B09NNQ6DT1,Positive
B09NNQ6DT1,Positive
B09NNQ6DT1,Positive
B09NNQ6DT1,Neutral
B09NNQ6DT1,Positive
B09NNQ6DT1,Positive
B09NNQ6DT1,Neutral
B09NNQ6DT1,Positive
B09NNQ6DT1,Neutral
B09NNQ6DT1,Positive
B09XBRZFGX,Positive
B09XBRZFGX,Positive
B09XBRZFGX,Positive
B09XBRZFGX,Positive
B09XBRZFGX,Positive
B0D365L6Q1,Positive
B0D365L6Q1,Positive
B0D365L6Q1,Positive
B0C1CPF4GH,Positive
B0C1CPF4GH,Positive
B097NBWRQK,Positive
B097NBWRQK,Positive
B097NBWRQK,Positive
B097NBWRQK,Positive
B097NBWRQK,Neutral
B097NBWRQK,Positive
B097NBWRQK,Positive
B097NBWRQK,Positive
B0CQ3RRS23,Neutral
B0CQ3RRS23,Positive
B0CQ3RRS23,Negative
B0CQ3RRS23,Positive
B0CQ3RRS23,Positive
B0CQ3RRS23,Positive
B0CN1MMGDH,Positive
B0D53YX6VM,Positive
B0D53YX6VM,Neutral
B0D53YX6VM,Neutral
B0D53YX6VM,Neutral
B0D53YX6VM,Neutral
B0D53YX6VM,Positive
B01M5FP9L1,Positive
B01M5FP9L1,Positive
B01M5FP9L1,Neutral
B01M5FP9L1,Positive
B01M5FP9L1,Positive
B01M5FP9L1,Positive
B01M5FP9L1,Positive
B01M5FP9L1,Neutral
B01M5FP9L1,Neutral
B01M5FP9L1,Neutral
B01M5FP9L1,Neutral
B01M5FP9L1,Neutral
B0BY92GS7B,Negative
B0D6Z865VP,Neutral
B0D6Z865VP,Negative
B0D6Z865VP,Negative
B0D6Z865VP,Neutral
B0D6Z865VP,Neutral
B0C7LKP7MW,Positive
B0C7LKP7MW,Neutral
B0C7LKP7MW,Negative
B00G4E60UA,Positive
B00G4E60UA,Positive
B00G4E60UA,Neutral
B07W4XKBNR,Positive
B07W4XKBNR,Positive
B07W4XKBNR,Positive
B07W4XKBNR,Positive
B07W4XKBNR,Negative
B07W4XKBNR,Neutral
B07W4XKBNR,Neutral
B07W4XKBNR,Neutral
B07W4XKBNR,Neutral
B06WVRSCBY,Neutral
B06WVRSCBY,Neutral
B09BG83Q5S,Positive
B09BG83Q5S,Positive
B09BG83Q5S,Neutral
B09BG83Q5S,Neutral
B09BG83Q5S,Positive
B0CYBTMWTM,Neutral
B0CYBTMWTM,Neutral
B0CYBTMWTM,Positive
B0CYBTMWTM,Positive
B0CYBTMWTM,Positive
B0C1CTBL91,Positive
B0C1CTBL91,Positive
B0C1CTBL91,Positive
B0C1CTBL91,Positive
B0C1CTBL91,Positive
B0C1CTBL91,Positive
B0C1CTBL91,Positive
B0C1CTBL91,Positive
B0CS6PZ25L,Positive
B0CS6PZ25L,Positive
B0CS6PZ25L,Positive
B0CS6PZ25L,Positive
B0CS6PZ25L,Positive
B0CS6PZ25L,Positive
B0CS6PZ25L,Positive
B0CS6PZ25L,Positive
B0CS6QWJKD,Positive
B0CS6QWJKD,Positive
B0CS6QWJKD,Positive
B0CS6QWJKD,Positive
B0CS6QWJKD,Positive
B0CS6QWJKD,Positive
B0CS6QWJKD,Positive
B0CS6QWJKD,Positive
B08L5KHHWL,Neutral
B08L5KHHWL,Neutral
B08L5KHHWL,Neutral
B08L5KHHWL,Positive
B08L5KHHWL,Neutral
B086WM78H6,Positive
B086WM78H6,Neutral
B086WM78H6,Neutral
B086WM78H6,Positive
B086WM78H6,Negative
B08FRNCPXF,Positive
B08FRNCPXF,Positive
B08FRNCPXF,Positive
B08FRNCPXF,Neutral
B08FRNCPXF,Positive
B0CCKS8FVL,Positive
B0CCKS8FVL,Neutral
B0CCKS8FVL,Positive
B0CCKS8FVL,Neutral
B0CCKS8FVL,Positive
B0D3PVMR6G,Positive
B0D3PVMR6G,Positive
B0D3PVMR6G,Positive
B0D3PVMR6G,Positive
B0CLTHW82G,Positive
B0CLTHW82G,Positive
B0CLTHW82G,Positive
B0CLTHW82G,Negative
B0CLTHW82G,Positive
B09NP61C3J,Positive
B09NP61C3J,Positive
B09NP61C3J,Neutral
B09NP61C3J,Positive
B09NP61C3J,Positive
B0C37FDFKG,Positive
B0C37FDFKG,Neutral
B0C37FDFKG,Positive
B0C37FDFKG,Neutral
B0C37FDFKG,Positive
B0C37FDFKG,Positive
B0C37FDFKG,Positive
B0C37FDFKG,Neutral
B083T1S6Q4,Positive
B083T1S6Q4,Positive
B083T1S6Q4,Positive
B083T1S6Q4,Positive
B083T1S6Q4,Positive
B083T1S6Q4,Neutral
B083T1S6Q4,Positive
B083T1S6Q4,Neutral
B0C4FDSF5D,Positive
B0C4FDSF5D,Neutral
B0C4FDSF5D,Positive
B0C4FDSF5D,Positive
B0C4FDSF5D,Neutral
B0C4FDSF5D,Negative
B0C4FDSF5D,Positive
B0DQ3WLQWM,Positive
B0DQ3WLQWM,Neutral
B0DQ3WLQWM,Positive
B0DQ3WLQWM,Neutral
B0DQ3WLQWM,Neutral
B0CS6N4VF7,Positive
B0CS6N4VF7,Positive
B0CS6N4VF7,Positive
B0CS6N4VF7,Positive
B0CS6N4VF7,Positive
B0CS6N4VF7,Positive
B0CS6N4VF7,Positive
B0CS6N4VF7,Positive
B0CS6XG1LY,Neutral
B0CLSP8F17,Positive
B0CLSP8F17,Positive
B0CLSP8F17,Positive
B0CLSP8F17,Negative
B0CLSP8F17,Positive
B093RNV6SD,Negative
B093RNV6SD,Positive
B093RNV6SD,Positive
B093RNV6SD,Positive
B093RNV6SD,Neutral
B093RNV6SD,Positive
B093RNV6SD,Negative
B093RNV6SD,Positive
B07HZ377MN,Positive
B07HZ377MN,Positive
B07HZ377MN,Positive
B07HZ377MN,Neutral
B07HZ377MN,Positive
B07HZ377MN,Positive
B07HZ377MN,Positive
B07HZ377MN,Positive
B0CMXZH2QZ,Positive
B0CMXZH2QZ,Positive
B0184BJDRM,Negative
B0184BJDRM,Positive
B0CB1LWC55,Positive
B0CB1LWC55,Positive
B0CB1LWC55,Positive
B0CB1LWC55,Neutral
B0CB1LWC55,Positive
B0CB1LWC55,Positive
B0CB1LWC55,Positive
B0CB1LWC55,Positive
B0B78JSMXG,Neutral
B0B78JSMXG,Positive
B0B78JSMXG,Positive
B0CFWYWD55,Positive
B0CFWYWD55,Positive
B0CFWYWD55,Positive
B0CFWYWD55,Neutral
B0CFWYWD55,Positive
B002TMJKQ2,Positive
B0DJZ8W8GT,Positive
B07G8LZHCR,Positive
B07G8LZHCR,Positive
B07G8LZHCR,Positive
B07G8LZHCR,Positive
B07G8LZHCR,Neutral
B07G8LZHCR,Positive
B07G8LZHCR,Negative
B07G8LZHCR,Neutral
B087YVM765,Positive
B087YVM765,Neutral
B087YVM765,Positive
B087YVM765,Neutral
B087YVM765,Neutral
B087YVM765,Neutral
B087YVM765,Positive
B087YVM765,Neutral
B0B5XKPLRZ,Positive
B0B5XKPLRZ,Positive
B0B5XKPLRZ,Neutral
B0CWB2LWRN,Positive
B0CWB2LWRN,Positive
B0CWB2LWRN,Neutral
B0CWB2LWRN,Positive
B0CWB2LWRN,Positive
B07RKPGQ5Y,Positive
B09LP61KDP,Neutral
B09LP61KDP,Positive
B09LP61KDP,Positive
B09LP61KDP,Positive
B09LP61KDP,Neutral
B07YYGQ8DJ,Negative
B09S7W8BW9,Positive
B09S7W8BW9,Positive
B09S7W8BW9,Positive
B09S7W8BW9,Positive
B09S7W8BW9,Neutral
B09S7W8BW9,Neutral
B09S7W8BW9,Positive
B09S7W8BW9,Negative
B09S7W8BW9,Positive
B0CS6MMSJ1,Positive
B0CS6MMSJ1,Positive
B0CS6MMSJ1,Positive
B0CS6MMSJ1,Positive
B0CS6MMSJ1,Positive
B0CS6MMSJ1,Positive
B0CS6MMSJ1,Positive
B0CS6MMSJ1,Positive
B09NHWDYYN,Positive
B09NHWDYYN,Positive
B09NHWDYYN,Positive
B09NHWDYYN,Positive
B09NHWDYYN,Neutral
B09NHWDYYN,Positive
B09NHWDYYN,Positive
B09NHWDYYN,Positive
B09NHWDYYN,Positive
B082P7FWJ4,Neutral
B082P7FWJ4,Positive
B082P7FWJ4,Positive
B082P7FWJ4,Neutral
B082P7FWJ4,Neutral
B082P7FWJ4,Positive
B082P7FWJ4,Positive
B082P7FWJ4,Positive
B07YW4D875,Positive
B07YW4D875,Positive
B07YW4D875,Neutral
B07YW4D875,Positive
B07YW4D875,Negative
B07YW4D875,Neutral
B07YW4D875,Positive
B07YW4D875,Positive
B0CS6P4QC8,Positive
B0CS6P4QC8,Positive
B0CS6P4QC8,Positive
B0CS6P4QC8,Positive
B0CS6P4QC8,Positive
B0CS6P4QC8,Positive
B0CS6P4QC8,Positive
B0CS6P4QC8,Positive
B09GKM9R1Q,Positive
B09GKM9R1Q,Positive
B09GKM9R1Q,Negative
B09GKM9R1Q,Positive
B09GKM9R1Q,Positive
B09GKM9R1Q,Positive
B09GKM9R1Q,Positive
B09GKM9R1Q,Positive
B09GKM9R1Q,Neutral
B09GKM9R1Q,Neutral
B0877C8SBB,Positive
B0877C8SBB,Positive
B0877C8SBB,Positive
B0877C8SBB,Positive
B0877C8SBB,Positive
B0877C8SBB,Positive
B0877C8SBB,Neutral
B0877C8SBB,Positive
B00S63RJ9S,Positive
B00S63RJ9S,Positive
B00S63RJ9S,Positive
B00S63RJ9S,Neutral
B00S63RJ9S,Positive
B00S63RJ9S,Positive
B00S63RJ9S,Positive
B00S63RJ9S,Positive
B0CNLZXL9H,Neutral
B0CNLZXL9H,Neutral
B0CNLZXL9H,Positive
B0CNLZXL9H,Positive
B0CNLZXL9H,Positive
B082P7X45F,Positive
B082P7X45F,Positive
B082P7X45F,Positive
B082P7X45F,Neutral
B082P7X45F,Positive
B082P7X45F,Positive
B082P7X45F,Positive
B082P7X45F,Positive
B0D7HMYNYF,Positive
B0D7HMYNYF,Positive
B0D7HMYNYF,Positive
B0D7HMYNYF,Neutral
B0D7HMYNYF,Positive
B0BW2YS9X4,Negative
B0BW2YS9X4,Neutral
B0BW2YS9X4,Neutral
B0BW2YS9X4,Positive
B0BW2YS9X4,Neutral
B0BB796FDB,Neutral
B0BB796FDB,Neutral
B0BB796FDB,Positive
B0D3GT7VGV,Positive
B0D3GT7VGV,Positive
B0D3GT7VGV,Positive
B0D3GT7VGV,Positive
B0D3GT7VGV,Positive
B08PT6V2HY,Positive
B08PT6V2HY,Positive
B08297629K,Positive
B08297629K,Neutral
B08297629K,Positive
B08297629K,Neutral
B08297629K,Positive
B08297629K,Positive
B08297629K,Neutral
B08297629K,Positive
B08297629K,Neutral
B08297629K,Neutral
B08297629K,Neutral
B08297629K,Neutral
B0BQRRD645,Positive
B0BQRRD645,Positive
B0BQRRD645,Neutral
B0BQRRD645,Positive
B0BQRRD645,Positive
B0BQRRD645,Positive
B0BQRRD645,Positive
B0BQRRD645,Positive
B0BQRRD645,Negative
B08Q7QQ3K4,Positive
B08Q7QQ3K4,Positive
B08Q7QQ3K4,Neutral
B08Q7QQ3K4,Positive
B08Q7QQ3K4,Positive
B0DT7FC9B7,Positive
B0DT7FC9B7,Negative
B0DT7FC9B7,Positive
B09HVC79PC,Positive
B09HVC79PC,Positive
B09HVC79PC,Positive
B09HVC79PC,Positive
B09HVC79PC,Positive
B08PGJD254,Positive
B08PGJD254,Neutral
B08PGJD254,Neutral
B08PGJD254,Neutral
B08PGJD254,Neutral
B08PGJD254,Positive
B08PGJD254,Neutral
B08PGJD254,Neutral
B0B31J9DM3,Positive
B0B31J9DM3,Positive
B0B31J9DM3,Positive
B0B31J9DM3,Positive
B0B31J9DM3,Neutral
B0B31J9DM3,Positive
B0B31J9DM3,Positive
B0B31J9DM3,Positive
B0B31J9DM3,Positive
B07S6PGKQ5,Positive
B07S6PGKQ5,Positive
B07S6PGKQ5,Neutral
B07S6PGKQ5,Neutral
B07S6PGKQ5,Neutral
B082P786HR,Positive
B082P786HR,Positive
B082P786HR,Positive
B082P786HR,Neutral
B082P786HR,Positive
B082P786HR,Positive
B082P786HR,Positive
B082P786HR,Positive
B06XCG45VR,Positive
B06XCG45VR,Positive
B06XCG45VR,Positive
B06XCG45VR,Neutral
B06XCG45VR,Positive
B0CDL4914P,Negative
B0CDL4914P,Neutral
B0CDL4914P,Positive
B0CDL4914P,Positive
B0CDL4914P,Negative
B08W9GRCFC,Positive
B08W9GRCFC,Positive
B08W9GRCFC,Neutral
B08W9GRCFC,Positive
B08W9GRCFC,Positive
B08W9GRCFC,Positive
B08W9GRCFC,Positive
B08W9GRCFC,Positive
B08Q852QBG,Positive
B08Q852QBG,Positive
B08Q852QBG,Neutral
B08Q852QBG,Positive
B08Q852QBG,Positive
B082DGWVLM,Positive
B082DGWVLM,Positive
B082DGWVLM,Neutral
B082DGWVLM,Positive
B0B6G3V851,Positive
B0B6G3V851,Positive
B0B6G3V851,Negative
B0B6G3V851,Neutral
B08W8P6SGM,Positive
B08W8P6SGM,Positive
B08W8P6SGM,Neutral
B08W8P6SGM,Positive
B08W8P6SGM,Positive
B08W8P6SGM,Positive
B08W8P6SGM,Positive
B08W8P6SGM,Positive
B0BSLVLS4P,Neutral
B0BSLVLS4P,Neutral
B0BSLVLS4P,Positive
B0BSLVLS4P,Positive
B0BSLVLS4P,Positive
B0BSLMQFXJ,Positive
B0BSLMQFXJ,Positive
B0BSLMQFXJ,Neutral
B0BSLMQFXJ,Positive
B0BSLMQFXJ,Positive
B0BSLMQFXJ,Neutral
B0BSLMQFXJ,Positive
B0BSLMQFXJ,Positive
B0BSLMQFXJ,Positive
B0CCLPBBVL,Positive
B0CCLPBBVL,Positive
B0CCLPBBVL,Positive
B09C68QGXF,Positive
B09C68QGXF,Negative
B08HM73VVF,Positive
B08HM73VVF,Positive
B08HM73VVF,Positive
B08HM73VVF,Positive
B08HM73VVF,Positive
B08HM73VVF,Negative
B08HM73VVF,Neutral
B08HM73VVF,Positive
B0877C8V9G,Positive
B0877C8V9G,Positive
B0877C8V9G,Positive
B0877C8V9G,Positive
B0877C8V9G,Negative
B0877C8V9G,Positive
B0877C8V9G,Positive
B0877C8V9G,Positive
B0D4R89CH8,Positive
B0D4R89CH8,Positive
B0D4R89CH8,Positive
B0D4R89CH8,Neutral
B0D4R89CH8,Positive
B0CV62HBRG,Positive
B0CV62HBRG,Neutral
B0CV62HBRG,Positive
B0CV62HBRG,Positive
B0CV62HBRG,Negative
B00MQK0PHA,Neutral
B00MQK0PHA,Positive
B00MQK0PHA,Positive
B00MQK0PHA,Positive
B09S3Y6W9D,Positive
B09S3Y6W9D,Positive
B09S3Y6W9D,Positive
B09S3Y6W9D,Positive
B08QZFB5F1,Neutral
B08QZFB5F1,Positive
B08QZFB5F1,Negative
B08QZFB5F1,Positive
B08QZFB5F1,Neutral
B08QZFB5F1,Positive
B08QZFB5F1,Positive
B01LZYRHAP,Positive
B01LZYRHAP,Neutral
B01LZYRHAP,Neutral
B01LZYRHAP,Negative
B01LZYRHAP,Neutral
B09JP9B1DX,Neutral
B09JP9B1DX,Neutral
B0CVXXVHGS,Positive
B0CVXXVHGS,Positive
B0CVXXVHGS,Neutral
B0CVXXVHGS,Neutral
B0CVXXVHGS,Positive
B0CQBYZFZ1,Negative
B0CQBYZFZ1,Positive
B08CHMYNXK,Positive
B08CHMYNXK,Positive
B08CHMYNXK,Positive
B08CHMYNXK,Positive
B08CHMYNXK,Positive
B08CHMYNXK,Neutral
B08CHMYNXK,Positive
B0BJ33XPLZ,Neutral
B0BJ33XPLZ,Neutral
B0BJ33XPLZ,Positive
B0BJ33XPLZ,Negative
B097F8F4HH,Negative
B097F8F4HH,Positive
B097F8F4HH,Positive
B097F8F4HH,Positive
B0957XRNL1,Positive
B0957XRNL1,Positive
B0957XRNL1,Positive
B0957XRNL1,Negative
B0957XRNL1,Positive
B0957XRNL1,Positive
B0B5XQ7YL6,Positive
B0868S67F2,Positive
B0868S67F2,Neutral
B0868S67F2,Positive
B0868S67F2,Positive
B0868S67F2,Neutral
B0868S67F2,Positive
B0868S67F2,Neutral
B091TWSHHJ,Positive
B091TWSHHJ,Positive
B091TWSHHJ,Neutral
B091TWSHHJ,Positive
B091TWSHHJ,Neutral
B091TWSHHJ,Positive
B091TWSHHJ,Positive
B091TWSHHJ,Positive
B091TWSHHJ,Neutral
B07P9233QJ,Neutral
B07P9233QJ,Positive
B07P9233QJ,Positive
B07P9233QJ,Negative
B07P9233QJ,Positive
B07P9233QJ,Positive
B07P9233QJ,Neutral
B07P9233QJ,Positive
B07P9233QJ,Neutral
B07N6MZ6RX,Positive
B07N6MZ6RX,Positive
B07N6MZ6RX,Neutral
B07N6MZ6RX,Neutral
B07N6MZ6RX,Positive
B07N6MZ6RX,Positive
B07N6MZ6RX,Negative
B07N6MZ6RX,Neutral
B0999MGFT3,Positive
B0999MGFT3,Positive
B0CLGY8NF9,Neutral
B0CLGY8NF9,Positive
B0CLGY8NF9,Positive
B0CLGY8NF9,Neutral
B06WVN7YQV,Positive
B08DXSD1SX,Neutral
B08DXSD1SX,Neutral
B08DXSD1SX,Negative
B08DXSD1SX,Positive
B08DXSD1SX,Positive
B07Y4H8HDZ,Positive
B07Y4H8HDZ,Positive
B07Y4H8HDZ,Negative
B07Y4H8HDZ,Positive
B07Y4H8HDZ,Positive
B07Y4H8HDZ,Negative
B07Y4H8HDZ,Positive
B07Y4H8HDZ,Negative
B09SG6BR42,Positive
B09SG6BR42,Negative
B09SG6BR42,Neutral
B09SG6BR42,Neutral
B09SG6BR42,Neutral
B09SG6BR42,Neutral
B09RQ9D5QQ,Positive
B09RQ9D5QQ,Positive
B09RQ9D5QQ,Neutral
B088HW65G9,Positive
B088HW65G9,Positive
B088HW65G9,Positive
B088HW65G9,Neutral
B088HW65G9,Negative
B088HW65G9,Negative
B088HW65G9,Positive
B088HW65G9,Neutral
B0877L4RPX,Positive
B0877L4RPX,Positive
B0877L4RPX,Positive
B0877L4RPX,Neutral
B0877L4RPX,Positive
B0877L4RPX,Neutral
B0877L4RPX,Positive
B0877L4RPX,Neutral
B0877L4RPX,Neutral
B0877L4RPX,Positive
B0877L4RPX,Negative
B0877L4RPX,Negative
B0CJG3CRT1,Positive
B0CJG3CRT1,Positive
B0BQRQ89LB,Neutral
B08H6SCT6Q,Neutral
B08H6SCT6Q,Positive
B08H6SCT6Q,Positive
B08H6SCT6Q,Positive
B08H6SCT6Q,Positive
B00AG5O4EW,Positive
B00AG5O4EW,Positive
B00AG5O4EW,Positive
B00AG5O4EW,Positive
B00AG5O4EW,Positive
B00AG5O4EW,Positive
B00AG5O4EW,Positive
B00AG5O4EW,Positive
B0B649XH7K,Neutral
B0B649XH7K,Neutral
B0B649XH7K,Positive
B0B649XH7K,Neutral
B0B649XH7K,Neutral
B0B649XH7K,Neutral
B0B649XH7K,Positive
B0B649XH7K,Neutral
B09SHVYQZR,Neutral
B09SHVYQZR,Positive
B09SHVYQZR,Positive
B09SHVYQZR,Positive
B09SHVYQZR,Positive
B09SHVYQZR,Positive
B08VKNVDDR,Positive
B08VKNVDDR,Positive
B08VKNVDDR,Neutral
B08VKNVDDR,Positive
B08VKNVDDR,Positive
B08VKNVDDR,Positive
B08VKNVDDR,Neutral
B07Q37YX49,Positive
B07Q37YX49,Positive
B07Q37YX49,Positive
B07Q37YX49,Negative
B07Q37YX49,Positive
B07Q37YX49,Positive
B07Q37YX49,Positive
B07Q37YX49,Positive
B0CTMSGHWX,Positive
B0CTMSGHWX,Neutral
B0CJV41KZN,Positive
B0CJV41KZN,Neutral
B0CJV41KZN,Positive
B0CJV41KZN,Neutral
B0CJV41KZN,Positive
B0D1YQ6TJ6,Positive
B0D1YQ6TJ6,Positive
B0D1YQ6TJ6,Neutral
B0D1YQ6TJ6,Positive
B0D1YQ6TJ6,Positive
B0BRQGSXSQ,Neutral
B0BRQGSXSQ,Positive
B0BRQGSXSQ,Positive
B0BRQGSXSQ,Positive
B0BRQGSXSQ,Positive
B0B469RLP5,Positive
B09R65RN43,Positive
B09R65RN43,Positive
B09R65RN43,Neutral
B09R65RN43,Positive
B09R65RN43,Positive
B09R65RN43,Positive
B091FS4R1J,Neutral
B091FS4R1J,Positive
B091FS4R1J,Positive
B091FS4R1J,Positive
B08YZ1V9WP,Positive
B08YZ1V9WP,Neutral
B08YZ1V9WP,Neutral
B08YZ1V9WP,Positive
B08YZ1V9WP,Positive
B08CKXY3YK,Positive
B08CKXY3YK,Negative
B08CKXY3YK,Positive
B09ZPJZVH8,Positive
B09ZPJZVH8,Positive
B099RWHSKL,Positive
B07V3JWMFY,Positive
B07V3JWMFY,Positive
B07V3JWMFY,Positive
B07V3JWMFY,Positive
B07V3JWMFY,Positive
B07V3JWMFY,Positive
B07V3JWMFY,Positive
B07V3JWMFY,Positive
B0D9R244KS,Positive
B0D9R244KS,Positive
B0D9R244KS,Positive
B0D9R244KS,Neutral
B0D9R244KS,Neutral
B0D7MNFTQP,Positive
B0D7MNFTQP,Positive
B0D7MNFTQP,Positive
B0D7MNFTQP,Positive
B0D7MNFTQP,Positive
B0D7MNFTQP,Positive
B07VSRJRGS,Positive
B07VSRJRGS,Positive
B00QX4Y6UW,Positive
B00QX4Y6UW,Neutral
B00QX4Y6UW,Positive
B00QX4Y6UW,Positive
B00QX4Y6UW,Positive
B00QX4Y6UW,Neutral
B00QX4Y6UW,Neutral
B00KU2JTR8,Positive
B00KU2JTR8,Negative
B00KU2JTR8,Positive
B00KU2JTR8,Neutral
B00KU2JTR8,Positive
B00KU2JTR8,Positive
B00KU2JTR8,Neutral
B00KU2JTR8,Positive
B0995RN7MK,Positive
B0995RN7MK,Positive
B0995RN7MK,Positive
B0995RN7MK,Neutral
B0995RN7MK,Positive
B0995RN7MK,Positive
B0995RN7MK,Negative
B0CN9NMCT6,Positive
B0CN9NMCT6,Positive
B0CN9NMCT6,Positive
B0CN9NMCT6,Positive
B0CN9NMCT6,Positive
B0CN9NMCT6,Positive
B07KKK4SLQ,Neutral
B07KKK4SLQ,Positive
B07KKK4SLQ,Neutral
B07KKK4SLQ,Neutral
B07KKK4SLQ,Positive
B07KKK4SLQ,Neutral
B07KKK4SLQ,Positive
B07KKK4SLQ,Positive
B0D1W143XC,Positive
B0D1W143XC,Neutral
B0D1W143XC,Neutral
B0D1W143XC,Positive
B0D1W143XC,Neutral
B0CKXVCNKK,Positive
B0CKXVCNKK,Positive
B0CKXVCNKK,Positive
B0CKXVCNKK,Neutral
B0CKXVCNKK,Neutral
B0CKXVCNKK,Positive
B098TW3977,Positive
B098TW3977,Neutral
B098TW3977,Positive
B098TW3977,Positive
B09RKD4XZB,Positive
B09RKD4XZB,Positive
B09RKD4XZB,Positive
B0968Q8DN5,Positive
B0968Q8DN5,Neutral
B0968Q8DN5,Positive
B082HGP8YJ,Neutral
B082HGP8YJ,Neutral
B082HGP8YJ,Positive
B082HGP8YJ,Neutral
B0D4R874R9,Positive
B0D4R874R9,Positive
B0D4R874R9,Positive
B0D4R874R9,Neutral
B0D4R874R9,Positive
B08L5714GB,Positive
B08L5714GB,Neutral
B08HMC1WZP,Neutral
B08HMC1WZP,Positive
B08HMC1WZP,Positive
B08HMC1WZP,Positive
B08HMC1WZP,Neutral
B08HMC1WZP,Positive
B08HMC1WZP,Positive
B086KJBKDW,Positive
B086KJBKDW,Positive
B086KJBKDW,Positive
B086KJBKDW,Neutral
B086KJBKDW,Positive
B0B5XNN1VY,Neutral
B09SG6RNT4,Neutral
B09SG6RNT4,Neutral
B08NSZJSDS,Positive
B0D26CZ6TR,Positive
B0D26CZ6TR,Neutral
B0D26CZ6TR,Positive
B0D26CZ6TR,Neutral
B0CCYK39CY,Positive
B0C37Y8P32,Neutral
B0C37Y8P32,Negative
B0C37Y8P32,Neutral
B07VB5HWV2,Positive
B07VB5HWV2,Neutral
B07VB5HWV2,Neutral
B07VB5HWV2,Neutral
B07VB5HWV2,Neutral
B07VB5HWV2,Positive
B07VB5HWV2,Neutral
B00GZB88MU,Positive
B00GZB88MU,Neutral
B00GZB88MU,Positive
B00GZB88MU,Positive
B00GZB88MU,Negative
B00GZB88MU,Neutral
B07DPC4PLG,Positive
B07DPC4PLG,Positive
B07DPC4PLG,Positive
B07DPC4PLG,Negative
B07DPC4PLG,Positive
B07DPC4PLG,Positive
B07DPC4PLG,Positive
B0DCCGZV69,Positive
B0DCCGZV69,Positive
B0D72J2HFF,Positive
B0D72J2HFF,Positive
B0D72J2HFF,Positive
B0D72J2HFF,Positive
B0D72J2HFF,Neutral
B07GBDDCRV,Neutral
B07GBDDCRV,Positive
B07GBDDCRV,Positive
B01B3JED7W,Neutral
B01B3JED7W,Positive
B01B3JED7W,Positive
B01B3JED7W,Positive
B01B3JED7W,Positive
B01B3JED7W,Negative
B004WNAYS4,Positive
B004WNAYS4,Positive
B004WNAYS4,Neutral
B004WNAYS4,Neutral
B004WNAYS4,Positive
B004WNAYS4,Neutral
B004WNAYS4,Neutral
B004WNAYS4,Neutral
B004WNAYS4,Positive
B004WNAYS4,Neutral
B0999KFRD2,Positive
B0999KFRD2,Negative
B0999KFRD2,Neutral
B0999KFRD2,Positive
B0999KFRD2,Positive
B07CZHHGK9,Positive
B07CZHHGK9,Neutral
B0D67651YC,Positive
B0B64M8Y2H,Negative
B09R63Z5L7,Positive
B09R63Z5L7,Positive
B09R63Z5L7,Positive
B09R63Z5L7,Positive
B09R63Z5L7,Positive
B08KY4V659,Neutral
B08KY4V659,Positive
B08KY4V659,Positive
B08KY4V659,Positive
B08KY4V659,Positive
B08KY4V659,Positive
B08KY4V659,Positive
B08KY4V659,Positive
B08JQJ5RKK,Neutral
B08JQJ5RKK,Positive
B08JQJ5RKK,Positive
B08JQJ5RKK,Positive
B08JQJ5RKK,Neutral
B08JQJ5RKK,Positive
B08CNNDHSH,Positive
B08CNNDHSH,Positive
B0858LSWLW,Positive
B0858LSWLW,Neutral
B0858LSWLW,Positive
B0858LSWLW,Positive
B0858LSWLW,Positive
B003BF00KG,Positive
B003BF00KG,Positive
B003BF00KG,Positive
B003BF00KG,Neutral
B003BF00KG,Neutral
B003BF00KG,Positive
B003BF00KG,Neutral
B003BF00KG,Positive
B0799979K9,Positive
B0799979K9,Positive
B0799979K9,Positive
B0799979K9,Positive
B0D26D8YST,Positive
B0D26D8YST,Neutral
B0D26D8YST,Positive
B0D26D8YST,Neutral
B0BYBKZ7XD,Neutral
B0BYBKZ7XD,Positive
B0BYBKZ7XD,Positive
B0BYBKZ7XD,Positive
B0BYBKZ7XD,Neutral
B0BSLVF5F5,Neutral
B0BSLVF5F5,Positive
B0BSLVF5F5,Positive
B0BSLVF5F5,Neutral
B0BSLVF5F5,Neutral
B0B1S3BP3V,Positive
B0B1S3BP3V,Neutral
B0B1S3BP3V,Negative
B0B1S3BP3V,Neutral
B0B1S3BP3V,Positive
B09HZ9V9SN,Positive
B09HZ9V9SN,Positive
B09HZ9V9SN,Positive
B09HZ9V9SN,Neutral
B08HN1WDWZ,Positive
B08HN1WDWZ,Neutral
B08HN1WDWZ,Negative
B08HN1WDWZ,Positive
B08HN1WDWZ,Neutral
B08HN1WDWZ,Positive
B08HN1WDWZ,Neutral
B08HN1WDWZ,Positive
B08BJCH5QQ,Positive
B08BJCH5QQ,Neutral
B08BJCH5QQ,Positive
B08BJCH5QQ,Positive
B08BJCH5QQ,Positive
B08BJCH5QQ,Neutral
B08BJCH5QQ,Neutral
B08BJCH5QQ,Positive
B01BJ0LM7O,Positive
B01BJ0LM7O,Neutral
B00S63RWZO,Neutral
B00S63RWZO,Positive
B00S63RWZO,Positive
B003O6G5TW,Neutral
B003O6G5TW,Positive
B003O6G5TW,Neutral
B003O6G5TW,Neutral
B003O6G5TW,Neutral
B0B4T2V1VN,Positive
B0B4T2V1VN,Positive
B0B4T2V1VN,Neutral
B0B4T2V1VN,Positive
B09VGX9R5J,Positive
B08TJ4QJNF,Neutral
B0BZST2MBK,Neutral
B0BZST2MBK,Neutral
B0BZST2MBK,Neutral
B0BZST2MBK,Neutral
B0BZST2MBK,Positive
B0BZST2MBK,Neutral
B0BLZRY5F4,Positive
B08WKX53DV,Positive
B08WKX53DV,Neutral
B08WKX53DV,Positive
B08WKX53DV,Neutral
B08WKX53DV,Positive
B08SJNPG9H,Positive
B08SJNPG9H,Positive
B08SJNPG9H,Positive
B08SJNPG9H,Negative
B08SJNPG9H,Negative
B08SJNPG9H,Neutral
B08SJNPG9H,Positive
B08SJNPG9H,Positive
B08SJNPG9H,Positive
B08SJNPG9H,Neutral
B08SJNPG9H,Positive
B087YW8FQB,Positive
B087YW8FQB,Positive
B087YW8FQB,Positive
B087YW8FQB,Neutral
B087YW8FQB,Neutral
B07TZ9HH5Y,Positive
B07TZ9HH5Y,Positive
B07TZ9HH5Y,Positive
B07KF1TC9T,Positive
B07KF1TC9T,Positive
B07KF1TC9T,Positive
B07KF1TC9T,Neutral
B07KF1TC9T,Positive
B01BJ0LZGC,Positive
B01BJ0LZGC,Positive
B01BJ0LZGC,Positive
B01BJ0LZGC,Positive
B01BJ0LZGC,Positive
B01BJ0LT0Y,Positive
B01BJ0LT0Y,Positive
B01BJ0LT0Y,Positive
B01BJ0LT0Y,Positive
B01BJ0LT0Y,Positive
B01BJ0LIKA,Positive
B00TFGYB32,Positive
B00TFGYB32,Positive
B00TFGYB32,Positive
B00TFGYB32,Negative
B00TFGYB32,Positive
B00TFGYB32,Neutral
B00H524HMI,Positive
B00H524HMI,Positive
B00H524HMI,Positive
B00H524HMI,Positive
B00GZ1GV3I,Positive
B00GZ1GV3I,Neutral
B00GZ1GV3I,Positive
B00GZ1GV3I,Neutral
B00GZ1GV3I,Positive
B09WMTTRP5,Positive
B09WMTTRP5,Neutral
B09BJR843L,Negative
B0D2G89B36,Positive
B0D2G89B36,Positive
B0D2G89B36,Positive
B0CVZYN68P,Positive
B0CVZYN68P,Neutral
B0CVZYN68P,Neutral
B0CVZYN68P,Positive
B0CVZYN68P,Positive
B0CMRJF3FK,Positive
B0CMRJF3FK,Neutral
B0CMRJF3FK,Positive
B0CMRJF3FK,Neutral
B0CMRJF3FK,Positive
B0CKVG9HGN,Neutral
B0CG6B1M8S,Positive
B0CG6B1M8S,Negative
B0CG6B1M8S,Positive
B0CG6B1M8S,Neutral
B0CG6B1M8S,Neutral
B0BP7KF91D,Neutral
B0B53GFQWP,Positive
B0B53GFQWP,Negative
B0B53GFQWP,Neutral
B0B53GFQWP,Positive
B0B53GFQWP,Positive
B0B53GFQWP,Neutral
B0B53GFQWP,Positive
B0B336K7M5,Neutral
B0B336K7M5,Positive
B0B336K7M5,Positive
B0B336K7M5,Neutral
B0B336K7M5,Neutral
B0B2PV9VSX,Neutral
B09RV5GB1H,Neutral
B09RV5GB1H,Neutral
B09RV5GB1H,Neutral
B09RV5GB1H,Neutral
B09RV5GB1H,Neutral
B09BG841VC,Positive
B09BG841VC,Positive
B09BG841VC,Neutral
B09BG841VC,Neutral
B09BG841VC,Positive
B094DQYP7C,Positive
B094DQYP7C,Neutral
B08YKHYCPW,Positive
B08YKHYCPW,Neutral
B08YKHYCPW,Positive
B08YKHYCPW,Positive
B08YKHYCPW,Neutral
B08YKHYCPW,Positive
B08QY6JK4D,Positive
B08QY6JK4D,Neutral
B08QY6JK4D,Negative
B08QY6JK4D,Neutral
B08QY6JK4D,Neutral
B07X1NWB2Q,Positive
B07X1NWB2Q,Positive
B07X1NWB2Q,Positive
B07X1NWB2Q,Neutral
B07X1NWB2Q,Neutral
B07RHVZ438,Positive
B07RHVZ438,Neutral
B07RHVZ438,Neutral
B07RHVZ438,Neutral
B07RHVZ438,Neutral
B07RHVZ438,Neutral
B07C3213NM,Positive
B07C3213NM,Neutral
B074N5C4Q6,Positive
B074N5C4Q6,Positive
B074N5C4Q6,Positive
B074N5C4Q6,Neutral
B074N5C4Q6,Positive
B074N5C4Q6,Positive
B074N5C4Q6,Positive
B074N5C4Q6,Positive
B071S69KR9,Positive
B071S69KR9,Positive
B071S69KR9,Positive
B071S69KR9,Positive
B071S69KR9,Neutral
B071S69KR9,Neutral
B071S69KR9,Positive
B071S69KR9,Positive
B01I71T4GO,Positive
B01I71T4GO,Positive
B01I71T4GO,Positive
B01I71T4GO,Positive
B01I71T4GO,Positive
B01I71T4GO,Positive
B01CVKKZ60,Neutral
B01CVKKZ60,Positive
B01CVKKZ60,Positive
B01CVKKZ60,Positive
B01CVKKZ60,Positive
B00TZS4A1S,Positive
B00TZS4A1S,Positive
B00TZS4A1S,Positive
B00TZS4A1S,Positive
B00TZS4A1S,Positive
B0CPQ2WQSF,Neutral
B09VGSVJ51,Positive
B0D93X9MZV,Positive
B0D93X9MZV,Positive
B0D93X9MZV,Neutral
B0D93X9MZV,Positive
B0D93X9MZV,Positive
B0D6X8T4QS,Positive
B0D6X8T4QS,Positive
B0D6X8T4QS,Negative
B0D6X8T4QS,Positive
B0D6X8T4QS,Positive
B0CX2PS48B,Positive
B0CX2PS48B,Neutral
B0CX2PS48B,Positive
B0CX2PS48B,Positive
B0CX2PS48B,Neutral
B0CRVGY3TL,Positive
B0CRVGY3TL,Positive
B0CKW3H1F2,Neutral
B0CKW3H1F2,Positive
B0CKW3H1F2,Neutral
B0CKW3H1F2,Neutral
B0CKW3H1F2,Positive
B0CGX51FH1,Positive
B0CCLLYFFQ,Positive
B0CCLLYFFQ,Neutral
B0CCLLYFFQ,Positive
B0CCLLYFFQ,Neutral
B0CCLLYFFQ,Neutral
B0C9RVBJDW,Positive
B0C9RVBJDW,Neutral
B0C9RVBJDW,Negative
B0C9RVBJDW,Neutral
B0C9RVBJDW,Neutral
B0BYW8DQG4,Positive
B0BWFGRWXS,Neutral
B0BTQWR77M,Neutral
B0BTQWR77M,Positive
B0BTQWR77M,Positive
B0BTQWR77M,Positive
B0BTQWR77M,Neutral
B0BTQWR77M,Positive
B0BLGHYDRB,Positive
B0BLGHYDRB,Neutral
B0BL35XNF5,Positive
B0BL35XNF5,Neutral
B0BL35XNF5,Positive
B0BL35XNF5,Neutral
B0BL35XNF5,Positive
B0BJH9LGK8,Neutral
B0BJH9LGK8,Positive
B0BJH9LGK8,Positive
B0BJH9LGK8,Positive
B0BJH9LGK8,Positive
B0B88Y9KVJ,Neutral
B0B88Y9KVJ,Positive
B09BG85LRV,Neutral
B09BG85LRV,Neutral
B09BG85LRV,Positive
B09BG85LRV,Positive
B09BG85LRV,Positive
B09BDGD2TZ,Neutral
B09BDGD2TZ,Positive
B09BDGD2TZ,Neutral
B09BDGD2TZ,Positive
B09BDGD2TZ,Positive
B09B218MVM,Positive
B09B218MVM,Positive
B09B218MVM,Neutral
B09B218MVM,Neutral
B09B218MVM,Positive
B099NW65RC,Positive
B099NW65RC,Positive
B098KSXTFH,Positive
B098KSXTFH,Neutral
B098KSXTFH,Neutral
B098KSXTFH,Neutral
B098KSXTFH,Neutral
B097GSCP1Q,Positive
B0935Z57CL,Neutral
B0935Z57CL,Positive
B0935Z57CL,Positive
B08YKDYWK5,Positive
B08YKDYWK5,Negative
B08YKDYWK5,Positive
B08YKDYWK5,Positive
B08YKDYWK5,Positive
B08R5VWJT3,Neutral
B08R5VWJT3,Neutral
B08R5VWJT3,Neutral
B08R5VWJT3,Positive
B08R5VWJT3,Neutral
B08P25W1PZ,Positive
B08NXSJVCR,Positive
B08NXSJVCR,Neutral
B08NXSJVCR,Neutral
B08NXSJVCR,Positive
B08NXSJVCR,Neutral
B08NV6LT1Q,Positive
B08NV6LT1Q,Positive
B08NV6LT1Q,Neutral
B08NV6LT1Q,Positive
B08NV6LT1Q,Neutral
B08NTP5RTN,Neutral
B08NTP5RTN,Neutral
B08NTP5RTN,Positive
B08NTP5RTN,Neutral
B08NTP5RTN,Neutral
B08LD7SD9B,Positive
B08F93HGNB,Positive
B08F93HGNB,Positive
B08F93HGNB,Positive
B08F93HGNB,Negative
B08F93HGNB,Positive
B0894DBTRV,Positive
B0894DBTRV,Positive
B0894DBTRV,Neutral
B0894DBTRV,Positive
B0894DBTRV,Neutral
B088PF3C45,Positive
B088PF3C45,Positive
B088PF3C45,Positive
B088PF3C45,Positive
B088PF3C45,Neutral
B081V6W99V,Positive
B081V6W99V,Positive
B081V6W99V,Neutral
B081V6W99V,Positive
B081V6W99V,Positive
B07XH9876R,Positive
B07XH9876R,Neutral
B07XH9876R,Positive
B07XH9876R,Positive
B07XH9876R,Positive
B07V5TGY48,Positive
B07V5TGY48,Negative
B07V5TGY48,Positive
B07V5TGY48,Positive
B07V5TGY48,Negative
B07TXL2R52,Positive
B07TXL2R52,Negative
B07TXL2R52,Positive
B07TXL2R52,Positive
B07TXL2R52,Neutral
B07Q39C9R2,Positive
B07Q39C9R2,Positive
B07Q39C9R2,Positive
B07Q39C9R2,Positive
B07Q39C9R2,Positive
B07MW8XW4B,Positive
B077GGZTTR,Positive
B077GGZTTR,Neutral
B077GGZTTR,Positive
B077GGZTTR,Negative
B077GGZTTR,Neutral
B077GGZTTR,Positive
B077GGZTTR,Positive
B077GGZTTR,Positive
B077GGZTTR,Positive
B077GGZTTR,Neutral
B076FB4542,Neutral
B06W5HGGSY,Neutral
B01N5CD7TR,Positive
B01N5CD7TR,Neutral
B01N5CD7TR,Positive
B01N5CD7TR,Positive
B01N5CD7TR,Positive
B01N5CD7TR,Positive
B01N5CD7TR,Positive
B01N5CD7TR,Positive
B01N5CD7TR,Neutral
B01N5CD7TR,Neutral
B01N5CD7TR,Neutral
B01N5CD7TR,Neutral
B01N5CD7TR,Neutral
B01EJW7VSI,Positive
B01BN9XL0C,Positive
B01BN9XL0C,Positive
B01BN9XL0C,Negative
B01BN9XL0C,Neutral
B01BN9XL0C,Neutral
B01BN9XL0C,Positive
B01BN9XL0C,Positive
B01BN9XL0C,Neutral
B01BN9XL0C,Positive
B01BN9XL0C,Positive
B01BN9XL0C,Neutral
B016OW7EBA,Neutral
B016OW7EBA,Positive
B016OW7EBA,Neutral
B016OW7EBA,Positive
B016OW7EBA,Positive
B016OW7EBA,Positive
B016OW7EBA,Positive
B016OW7EBA,Positive
B0B79GPX44,Positive
B0B4P5H17X,Positive
B0B4P5H17X,Positive
B0B4NS1L9H,Positive
B09GY76CWQ,Positive
B07D8FNFPT,Positive
B07D8FNFPT,Positive
B07D8FNFPT,Neutral
B07D8FNFPT,Neutral
B07D8FNFPT,Positive
B07D8FNFPT,Positive
B07D8FNFPT,Positive
B07D8FNFPT,Positive
B0757H7X39,Positive
B01N1Z82BY,Positive
B01N1Z82BY,Neutral
B01N1Z82BY,Positive
B01N1Z82BY,Negative
B01N1Z82BY,Negative
B01N1Z82BY,Neutral
B01N1Z82BY,Positive
B01N1Z82BY,Neutral
B01KHTMXNK,Positive
B01KHTMXNK,Positive
B01KHTMXNK,Positive
B01KHTMXNK,Positive
B01KHTMXNK,Positive
B01KHTMXNK,Positive
B01KHTMXNK,Positive
B01KHTMXNK,Neutral
B01KHTMXNK,Neutral
B0F5BK17KY,Positive
B0F5BK17KY,Positive
B0F5BK17KY,Neutral
B0F5BGWWBD,Positive
B0F5BGWWBD,Positive
B0F5BGWWBD,Neutral
B0F5BGSCJZ,Positive
B0F5BGSCJZ,Positive
B0F5BGSCJZ,Neutral
B0F5BGR11X,Positive
B0F5BGR11X,Positive
B0F5BGR11X,Neutral
B0F5BFWLVM,Positive
B0F5BFWLVM,Positive
B0F5BFWLVM,Neutral
B0F5BF3QHR,Positive
B0F5BF3QHR,Positive
B0F5BF3QHR,Neutral
B0F5BCHSC4,Positive
B0F5BCHSC4,Positive
B0F5BCHSC4,Neutral
B0F4WTHHWN,Positive
B0F4WTHHWN,Positive
B0F4WTHHWN,Neutral
B0F4WTHHWN,Positive
B0F4WTHHWN,Positive
B0F4WTHHWN,Positive
B0F4WTHHWN,Positive
B0F4WTHHWN,Neutral
B0F4WTHHWN,Neutral
B0F4WTH5YB,Positive
B0F4WTH5YB,Positive
B0F4WTH5YB,Neutral
B0F4WTH5YB,Positive
B0F4WTH5YB,Positive
B0F4WTH5YB,Positive
B0F4WTH5YB,Positive
B0F4WTH5YB,Neutral
B0F4WTH5YB,Neutral
B0F4WT2D2D,Positive
B0F4WT2D2D,Positive
B0F4WT2D2D,Neutral
B0F4WT2D2D,Positive
B0F4WT2D2D,Positive
B0F4WT2D2D,Positive
B0F4WT2D2D,Positive
B0F4WT2D2D,Neutral
B0F4WT2D2D,Neutral
B0F4WPJF9P,Positive
B0F4WPJF9P,Positive
B0F4WPJF9P,Neutral
B0F4WPJF9P,Positive
B0F4WPJF9P,Positive
B0F4WPJF9P,Positive
B0F4WPJF9P,Positive
B0F4WPJF9P,Neutral
B0F4WPJF9P,Neutral
B0F4WLN1N2,Positive
B0F4WLN1N2,Positive
B0F4WLN1N2,Neutral
B0F4WLN1N2,Positive
B0F4WLN1N2,Positive
B0F4WLN1N2,Positive
B0F4WLN1N2,Positive
B0F4WLN1N2,Neutral
B0F4WLN1N2,Neutral
B0F4NFYKBH,Positive
B0F4NFYKBH,Positive
B0F4NFYKBH,Neutral
B0F4NFYKBH,Positive
B0F4NFYKBH,Positive
B0F4NFYKBH,Positive
B0F4NFYKBH,Positive
B0F4NFYKBH,Neutral
B0F4NFYKBH,Neutral
B0F4NBWMB4,Positive
B0F4NBWMB4,Positive
B0F4NBWMB4,Neutral
B0F4NBWMB4,Positive
B0F4NBWMB4,Positive
B0F4NBWMB4,Positive
B0F4NBWMB4,Positive
B0F4NBWMB4,Neutral
B0F4NBWMB4,Neutral
B0F4N87LDZ,Positive
B0F4N87LDZ,Positive
B0F4N87LDZ,Neutral
B0F4N87LDZ,Positive
B0F4N87LDZ,Positive
B0F4N87LDZ,Positive
B0F4N87LDZ,Positive
B0F4N87LDZ,Neutral
B0F4N87LDZ,Neutral
B0F4N86ZH1,Positive
B0F4N86ZH1,Positive
B0F4N86ZH1,Neutral
B0F4N86ZH1,Positive
B0F4N86ZH1,Positive
B0F4N86ZH1,Positive
B0F4N86ZH1,Positive
B0F4N86ZH1,Neutral
B0F4N86ZH1,Neutral
B0F4N86GMY,Positive
B0F4N86GMY,Positive
B0F4N86GMY,Neutral
B0F4N86GMY,Positive
B0F4N86GMY,Positive
B0F4N86GMY,Positive
B0F4N86GMY,Positive
B0F4N86GMY,Neutral
B0F4N86GMY,Neutral
B0F42ND694,Positive
B0F42ND694,Positive
B0F42ND694,Positive
B0F1ZTKLDQ,Positive
B0F1ZTKLDQ,Positive
B0F1ZTKLDQ,Positive
B0F1XL6538,Positive
B0F1XL6538,Positive
B0F1XL6538,Positive
B0F1XL6538,Positive
B0F18Z63RD,Positive
B0DXF2R45P,Positive
B0DXF2R45P,Positive
B0DXF2R45P,Neutral
B0DXF2R45P,Neutral
B0DXF2R45P,Positive
B0DXDTM525,Positive
B0DXDTM525,Neutral
B0DXDTM525,Positive
B0DXDTM525,Neutral
B0DXDTM525,Positive
B0DWM949X7,Positive
B0DWM949X7,Negative
B0DWM949X7,Neutral
B0DWM949X7,Neutral
B0DWM949X7,Negative
B0DWM92TPK,Positive
B0DWM92TPK,Negative
B0DWM92TPK,Neutral
B0DWM92TPK,Neutral
B0DWM92TPK,Negative
B0DWM6DHVB,Positive
B0DWM6DHVB,Negative
B0DWM6DHVB,Neutral
B0DWM6DHVB,Neutral
B0DWM6DHVB,Negative
B0DW3SCTSK,Positive
B0DTTXJ9F9,Positive
B0DTPK8PFH,Positive
B0DTPK8PFH,Positive
B0DTPK8PFH,Positive
B0DTPDMR2Z,Positive
B0DTPDMR2Z,Positive
B0DTP611D1,Positive
B0DTP611D1,Positive
B0DTP611D1,Positive
B0DTHLCP6L,Negative
B0DT9DS6S6,Positive
B0DT9DS6S6,Positive
B0DT9DS6S6,Positive
B0DT9DS6S6,Positive
B0DT9DS6S6,Positive
B0DT92JMZL,Positive
B0DT92JMZL,Positive
B0DT92JMZL,Positive
B0DT92JMZL,Neutral
B0DT92JMZL,Neutral
B0DT1GTMCB,Positive
B0DT1GTMCB,Positive
B0DT1GTMCB,Positive
B0DT1GTMCB,Positive
B0DT1GTMCB,Positive
B0DSZXYRCV,Neutral
B0DSJ4T3WX,Positive
B0DSJ4T3WX,Positive
B0DSJ4T3WX,Negative
B0DSJ4T3WX,Positive
B0DSJ4T3WX,Positive
B0DSG1Y3V4,Positive
B0DSG1Y3V4,Neutral
B0DSG1Y3V4,Positive
B0DSG1Y3V4,Positive
B0DSG1Y3V4,Positive
B0DSFCMKDN,Positive
B0DSFCMKDN,Neutral
B0DSFCMKDN,Positive
B0DSFCMKDN,Neutral
B0DSFCMKDN,Neutral
B0DSF8R1P6,Positive
B0DSF8R1P6,Neutral
B0DSF8R1P6,Positive
B0DSF8R1P6,Neutral
B0DSF8R1P6,Neutral
B0DRVLR3V4,Positive
B0DRVLR3V4,Neutral
B0DRVLR3V4,Positive
B0DRVLR3V4,Positive
B0DRVLR3V4,Positive
B0DRP5ZF6L,Positive
B0DRP5ZF6L,Positive
B0DRP5ZF6L,Neutral
B0DRP5ZF6L,Positive
B0DRP5ZF6L,Positive
B0DQTT1L17,Positive
B0DQJ9Y4JL,Neutral
B0DQ8DJTH4,Neutral
B0DQ8DJTH4,Positive
B0DQ8DJTH4,Positive
B0DQ8DJTH4,Positive
B0DQ8DJTH4,Positive
B0DQ46TSCY,Positive
B0DQ46TSCY,Neutral
B0DQ46TSCY,Positive
B0DQ46TSCY,Neutral
B0DQ46TSCY,Neutral
B0DQ3NQZ6R,Positive
B0DQ3NQZ6R,Neutral
B0DQ3NQZ6R,Positive
B0DQ3NQZ6R,Neutral
B0DQ3NQZ6R,Neutral
B0DPLXFWNV,Positive
B0DPLW4SB7,Positive
B0DPLVZ8QV,Positive
B0DPLVTTCV,Positive
B0DPF9QKSP,Positive
B0DPF9QKSP,Positive
B0DPF9QKSP,Positive
B0DPF9QKSP,Positive
B0DPF9QKSP,Neutral
B0DPF18LDF,Positive
B0DPF18LDF,Neutral
B0DP5RJ5S4,Positive
B0DNSG91Z2,Positive
B0DNRF6PYH,Positive
B0DNRDVHWX,Positive
B0DNRDL663,Positive
B0DNRDGVVD,Positive
B0DNRC3TX2,Positive
B0DNRBNKWR,Positive
B0DNRBNGG2,Positive
B0DNRB56YN,Positive
B0DNLGJCVS,Positive
B0DNLGJCVS,Positive
B0DNDY2PVY,Positive
B0DNDY2PVY,Neutral
B0DNDY2PVY,Neutral
B0DNDY2PVY,Negative
B0DN1MNBPK,Positive
B0DN1MNBPK,Positive
B0DN1MNBPK,Positive
B0DN1MNBPK,Positive
B0DM5KYXP7,Positive
B0DM5KYXP7,Neutral
B0DM5KYXP7,Positive
B0DM5KYXP7,Negative
B0DM5KYXP7,Neutral
B0DLNX8GVX,Positive
B0DLNX8GVX,Positive
B0DLNX8GVX,Neutral
B0DLNX8GVX,Positive
B0DLNX8GVX,Positive
B0DLN6D4ZG,Positive
B0DLN6D4ZG,Positive
B0DLN6D4ZG,Positive
B0DLN6D4ZG,Positive
B0DLN6D4ZG,Positive
B0DLKKS5NK,Positive
B0DLKKS5NK,Positive
B0DLKKS5NK,Neutral
B0DLKKS5NK,Positive
B0DLKKS5NK,Positive
B0DKJK6N1C,Positive
B0DKJK6N1C,Positive
B0DKJK6N1C,Neutral
B0DKJK6N1C,Positive
B0DKJK6N1C,Positive
B0DKHSVXLG,Neutral
B0DKDV6QS6,Positive
B0DKDV6QS6,Neutral
B0DKDV6QS6,Positive
B0DKDV6QS6,Positive
B0DKDV6QS6,Positive
B0DK59CYVS,Positive
B0DK59CYVS,Positive
B0DK4SM5HF,Positive
B0DK4SM5HF,Positive
B0DK4SM5HF,Positive
B0DK3PZ59Q,Positive
B0DK3PZ59Q,Neutral
B0DK1PR4P5,Negative
B0DJVHQPMF,Positive
B0DJVHQPMF,Positive
B0DJRSJMTN,Positive
B0DJRSJMTN,Positive
B0DJRSJMTN,Positive
B0DJP4ZVKQ,Positive
B0DJP4ZVKQ,Positive
B0DJP4ZVKQ,Negative
B0DJP4ZVKQ,Positive
B0DJP4ZVKQ,Negative
B0DJJF7FXH,Negative
B0DJJF7FXH,Neutral
B0DJJF7FXH,Neutral
B0DJJF7FXH,Neutral
B0DJJF7FXH,Neutral
B0DJD3T9Q8,Positive
B0DJD3T9Q8,Positive
B0DJD3T9Q8,Neutral
B0DJD3T9Q8,Positive
B0DJD3T9Q8,Neutral
B0DJD3FN16,Positive
B0DJD3FN16,Positive
B0DJD3FN16,Neutral
B0DJD3FN16,Positive
B0DJD3FN16,Neutral
B0DJC4GJX6,Neutral
B0DJC4GJX6,Neutral
B0DHXLTKS8,Positive
B0DHXLTKS8,Neutral
B0DHXLTKS8,Positive
B0DHXLTKS8,Neutral
B0DHXLTKS8,Neutral
B0DHXL849T,Positive
B0DHXL849T,Positive
B0DHXL849T,Neutral
B0DHXL849T,Positive
B0DHXL849T,Neutral
B0DHXKL1BF,Positive
B0DHXKL1BF,Positive
B0DHXKL1BF,Neutral
B0DHXKL1BF,Positive
B0DHXKL1BF,Neutral
B0DHLX34MM,Positive
B0DHLX34MM,Neutral
B0DHLX34MM,Neutral
B0DHLX34MM,Positive
B0DHLX34MM,Negative
B0DHD2FCX7,Positive
B0DG7K7L74,Neutral
B0DG7K7L74,Positive
B0DG7K7L74,Positive
B0DG7K7L74,Positive
B0DG7K7L74,Positive
B0DG6TZ7NV,Neutral
B0DG6TZ7NV,Positive
B0DG6TZ7NV,Positive
B0DG6TZ7NV,Positive
B0DG6TZ7NV,Positive
B0DG63MWFG,Positive
B0DG63MWFG,Neutral
B0DG63MWFG,Negative
B0DFW7MJX8,Positive
B0DFW7MJX8,Negative
B0DFW7MJX8,Neutral
B0DFW7MJX8,Neutral
B0DFW7MJX8,Negative
B0DFW7J623,Positive
B0DFW7J623,Negative
B0DFW7J623,Neutral
B0DFW7J623,Neutral
B0DFW7J623,Negative
B0DFW7GTNR,Positive
B0DFW7GTNR,Negative
B0DFW7GTNR,Neutral
B0DFW7GTNR,Neutral
B0DFW7GTNR,Negative
B0DFW76W5G,Positive
B0DFW76W5G,Negative
B0DFW76W5G,Neutral
B0DFW76W5G,Neutral
B0DFW76W5G,Negative
B0DFW6J2W8,Positive
B0DFW6J2W8,Negative
B0DFW6J2W8,Neutral
B0DFW6J2W8,Neutral
B0DFW6J2W8,Negative
B0DFW68GFC,Positive
B0DFW68GFC,Negative
B0DFW68GFC,Neutral
B0DFW68GFC,Neutral
B0DFW68GFC,Negative
B0DFLWQQT2,Positive
B0DFLWQQT2,Positive
B0DFLWQQT2,Positive
B0DFLWQQT2,Neutral
B0DFH82DKS,Positive
B0DFH82DKS,Positive
B0DFH82DKS,Negative
B0DFH82DKS,Positive
B0DFH82DKS,Positive
B0DFH33VKD,Positive
B0DFH33VKD,Positive
B0DFH33VKD,Positive
B0DFH33VKD,Positive
B0DFH33VKD,Positive
B0DFBTF58D,Positive
B0DFBTF58D,Negative
B0DFBTF58D,Positive
B0DFBTF58D,Positive
B0DFBTF58D,Positive
B0DF48SN7G,Neutral
B0DF48SN7G,Positive
B0DF2GP8Q5,Positive
B0DF2GP8Q5,Neutral
B0DF2GP8Q5,Neutral
B0DF2GP8Q5,Positive
B0DDPRP1YM,Neutral
B0DDPRP1YM,Positive
B0DDPRP1YM,Negative
B0DDHSMZ58,Positive
B0DDHSMZ58,Neutral
B0DDHSMZ58,Positive
B0DDHSMZ58,Positive
B0DDHSMZ58,Positive
B0DDG1F7HF,Neutral
B0DDG1F7HF,Positive
B0DDG1F7HF,Negative
B0DDG1F7HF,Positive
B0DCCWYYJB,Positive
B0DCCWYYJB,Positive
B0DCCGC75G,Positive
B0DCCFYLF2,Positive
B0DCCFYLF2,Positive
B0DCCDV6N7,Positive
B0DC6KMWJS,Positive
B0DC6KMWJS,Positive
B0DC6KMWJS,Positive
B0DC6KMWJS,Positive
B0DC6KMWJS,Positive
B0DC6KG6B6,Positive
B0DC6KG6B6,Positive
B0DC6KG6B6,Positive
B0DC6KG6B6,Positive
B0DC6KG6B6,Positive
B0DC6JQVZH,Positive
B0DC6JQVZH,Positive
B0DC6JQVZH,Positive
B0DC6JQVZH,Positive
B0DC6JQVZH,Positive
B0DC6H443L,Positive
B0DC6H443L,Positive
B0DC6H443L,Positive
B0DC6H443L,Positive
B0DC6H443L,Positive
B0DC6H17CD,Positive
B0DC6H17CD,Positive
B0DC6H17CD,Positive
B0DC6H17CD,Positive
B0DC6H17CD,Positive
B0DBZWY9FZ,Positive
B0DBZSG5NW,Neutral
B0DBYTS8GF,Neutral
B0DBYTS8GF,Positive
B0DBYTS8GF,Neutral
B0DBYTS8GF,Neutral
B0DBYLG4LZ,Positive
B0DBYLG4LZ,Positive
B0DBYLG4LZ,Positive
B0DBYLG4LZ,Neutral
B0DBYLG4LZ,Neutral
B0DBV5B1CL,Positive
B0DBV5B1CL,Positive
B0DBRGLHWZ,Neutral
B0DBRGLHWZ,Neutral
B0DBRGLHWZ,Neutral
B0DBRGLHWZ,Positive
B0DBPHKCDD,Neutral
B0DBNZKBMQ,Neutral
B0DBNZKBMQ,Positive
B0DBNZKBMQ,Positive
B0DBNZKBMQ,Neutral
B0DBJF6H7P,Positive
B0DBJF6H7P,Neutral
B0DBJF6H7P,Neutral
B0DBJF6H7P,Positive
B0DBJF6H7P,Positive
B0DB84M6D8,Neutral
B0DB514YJ1,Positive
B0DB514YJ1,Positive
B0DB514YJ1,Neutral
B0DB514YJ1,Neutral
B0DB514YJ1,Positive
B0DB2LR7LM,Neutral
B0DB2LR7LM,Negative
B0DB2LR7LM,Neutral
B0DB2LR7LM,Positive
B0DB2LR7LM,Neutral
B0DB2LQF3Q,Neutral
B0DB2LQF3Q,Negative
B0DB2LQF3Q,Neutral
B0DB2LQF3Q,Positive
B0DB2LQF3Q,Neutral
B0DB2LFSS4,Neutral
B0DB2LFSS4,Negative
B0DB2LFSS4,Neutral
B0DB2LFSS4,Positive
B0DB2LFSS4,Neutral
B0DB2L44FS,Neutral
B0DB2L44FS,Negative
B0DB2L44FS,Neutral
B0DB2L44FS,Positive
B0DB2L44FS,Neutral
B0DB2KRCP5,Neutral
B0DB2KRCP5,Negative
B0DB2KRCP5,Neutral
B0DB2KRCP5,Positive
B0DB2KRCP5,Neutral
B0DB2KFB48,Neutral
B0DB2KFB48,Negative
B0DB2KFB48,Neutral
B0DB2KFB48,Positive
B0DB2KFB48,Neutral
B0DB2KDJQ4,Neutral
B0DB2KDJQ4,Negative
B0DB2KDJQ4,Neutral
B0DB2KDJQ4,Positive
B0DB2KDJQ4,Neutral
B0D9Y523W4,Neutral
B0D9Y523W4,Neutral
B0D9Y523W4,Neutral
B0D9Y523W4,Neutral
B0D9Y523W4,Neutral
B0D9Y4PW3H,Positive
B0D9Y4PW3H,Positive
B0D9Y4PW3H,Neutral
B0D9Y4PW3H,Neutral
B0D9Y4PW3H,Neutral
B0D9Y31WVZ,Positive
B0D9Y31WVZ,Positive
B0D9Y31WVZ,Positive
B0D9Y31WVZ,Neutral
B0D9Y31WVZ,Positive
B0D9XZ58V7,Neutral
B0D9XZ58V7,Neutral
B0D9XZ58V7,Neutral
B0D9XZ58V7,Neutral
B0D9XZ58V7,Neutral
B0D9XMTG35,Positive
B0D9XMTG35,Positive
B0D9XMTG35,Positive
B0D9XMTG35,Positive
B0D9VT2LLM,Positive
B0D9VT2LLM,Positive
B0D9VT2LLM,Negative
B0D9RSY83G,Neutral
B0D9RQ9H4G,Positive
B0D9RNZVSP,Positive
B0D9QF9451,Positive
B0D9QF9451,Positive
B0D9QF9451,Positive
B0D9QF9451,Positive
B0D9QF9451,Positive
B0D9QCC63G,Positive
B0D9QCC63G,Positive
B0D9QCC63G,Positive
B0D9QCC63G,Positive
B0D9QCC63G,Positive
B0D9NHYR82,Positive
B0D9NHYR82,Positive
B0D9NHYR82,Positive
B0D9NHYR82,Positive
B0D9NHYR82,Positive
B0D9LT5LJZ,Neutral
B0D9LT5LJZ,Positive
B0D9LRQX13,Positive
B0D9LLY1KM,Positive
B0D9LLY1KM,Neutral
B0D9LLY1KM,Positive
B0D9LLY1KM,Neutral
B0D9LL76TM,Positive
B0D9LL76TM,Neutral
B0D9LL76TM,Positive
B0D9LL76TM,Neutral
B0D9J41SR2,Positive
B0D9J41SR2,Neutral
B0D9J41SR2,Positive
B0D9HXRN7F,Positive
B0D9HXRN7F,Neutral
B0D9HXRN7F,Negative
B0D9HXRN7F,Neutral
B0D9HXRN7F,Positive
B0D9DYQMYL,Positive
B0D9DYQMYL,Positive
B0D9DYQMYL,Positive
B0D9DYQMYL,Neutral
B0D9DYQMYL,Positive
B0D9CQ1NXH,Neutral
B0D9CQ1NXH,Negative
B0D9CQ1NXH,Positive
B0D9CQ1NXH,Positive
B0D9CP1MNF,Positive
B0D9CP1MNF,Positive
B0D9CP1MNF,Positive
B0D9CP1MNF,Positive
B0D9CP1MNF,Positive
B0D9BN3CYB,Negative
B0D97ZC61Y,Positive
B0D97ZC61Y,Neutral
B0D97ZC61Y,Neutral
B0D97ZC61Y,Neutral
B0D97ZC61Y,Positive
B0D9746BH8,Positive
B0D973RQK5,Positive
B0D973RQK5,Positive
B0D973RQK5,Positive
B0D973RQK5,Neutral
B0D973RQK5,Positive
B0D92BVMDT,Positive
B0D92BVMDT,Positive
B0D92BVMDT,Positive
B0D8R5VX4V,Positive
B0D8PR65CG,Positive
B0D8PQSQHP,Positive
B0D8NQYWNH,Positive
B0D8NQYWNH,Positive
B0D8NMHP1Z,Positive
B0D8KZ6XS9,Positive
B0D8K26S9B,Positive
B0D8K26S9B,Positive
B0D8K26S9B,Neutral
B0D8K26S9B,Positive
B0D8K26S9B,Positive
B0D8JQ9B5R,Positive
B0D8JQ9B5R,Positive
B0D8JQ9B5R,Positive
B0D8JQ9B5R,Positive
B0D8JQ9B5R,Positive
B0D8D6SDDK,Positive
B0D8D6SDDK,Neutral
B0D8D6SDDK,Neutral
B0D8D6SDDK,Neutral
B0D8D6SDDK,Positive
B0D8D6SDDK,Neutral
B0D8CZ6JXZ,Positive
B0D8CZ6JXZ,Positive
B0D8CZ6JXZ,Positive
B0D8CZ6JXZ,Positive
B0D8CZ6JXZ,Positive
B0D8BZWSC2,Positive
B0D8BZWSC2,Positive
B0D8BZWSC2,Neutral
B0D8BZWSC2,Positive
B0D8BZWSC2,Positive
B0D8BZD3F5,Positive
B0D8BZD3F5,Positive
B0D8BZD3F5,Neutral
B0D8BZD3F5,Positive
B0D8BZD3F5,Positive
B0D89QQT9S,Positive
B0D89QQT9S,Positive
B0D89QQT9S,Neutral
B0D89QQT9S,Neutral
B0D89QQT9S,Neutral
B0D82CBXW1,Positive
B0D82CBXW1,Neutral
B0D82CBXW1,Positive
B0D82CBXW1,Positive
B0D82CBXW1,Positive
B0D7VRK8XP,Positive
B0D7VRK8XP,Positive
B0D7VRK8XP,Neutral
B0D7VRK8XP,Positive
B0D7VRK8XP,Positive
B0D7QCW22D,Neutral
B0D7QBN873,Neutral
B0D7QBN873,Positive
B0D7PZ8F7W,Neutral
B0D7PZ8F7W,Positive
B0D7PZ8F7W,Negative
B0D7PZ8F7W,Positive
B0D7PZ8F7W,Neutral
B0D7P8ZGQB,Neutral
B0D7P8ZGQB,Positive
B0D7P8ZGQB,Neutral
B0D7P8ZGQB,Positive
B0D7P8ZGQB,Neutral
B0D7NVS6RV,Positive
B0D7NVS6RV,Neutral
B0D7NVS6RV,Positive
B0D7NVS6RV,Positive
B0D7NVS6RV,Neutral
B0D7HG5LNQ,Positive
B0D7HG5LNQ,Positive
B0D7HG5LNQ,Positive
B0D7HG5LNQ,Neutral
B0D7BZJ9WS,Positive
B0D7BZJ9WS,Neutral
B0D7BZJ9WS,Neutral
B0D7BZJ9WS,Positive
B0D7BZJ9WS,Negative
B0D79F7LGH,Neutral
B0D79F7LGH,Positive
B0D79F7LGH,Neutral
B0D79F7LGH,Negative
B0D79F7LGH,Neutral
B0D79DNSLW,Positive
B0D79DNSLW,Negative
B0D79DNSLW,Neutral
B0D79DNSLW,Negative
B0D79DNSLW,Positive
B0D78QPSSC,Neutral
B0D7863ZHF,Positive
B0D7863ZHF,Neutral
B0D76F7WPL,Positive
B0D76F7WPL,Positive
B0D76F7WPL,Neutral
B0D76F7WPL,Positive
B0D76F7WPL,Positive
B0D74MC6BS,Positive
B0D74MC6BS,Positive
B0D74MC6BS,Positive
B0D74MC6BS,Neutral
B0D74MC6BS,Positive
B0D74GBJ1L,Positive
B0D74GBJ1L,Positive
B0D74GBJ1L,Positive
B0D74GBJ1L,Neutral
B0D74GBJ1L,Positive
B0D72ZGTG6,Positive
B0D72ZGTG6,Neutral
B0D72ZGTG6,Positive
B0D72ZGTG6,Negative
B0D72ZGTG6,Neutral
B0D6Z664QC,Positive
B0D6Z664QC,Positive
B0D6Z664QC,Positive
B0D6Z664QC,Positive
B0D6Z664QC,Positive
B0D6YPKSFZ,Positive
B0D6YPKSFZ,Positive
B0D6YPKSFZ,Negative
B0D6YPKSFZ,Positive
B0D6YPKSFZ,Neutral
B0D6XCSWRN,Negative
B0D6R3GY13,Positive
B0D675923X,Neutral
B0D66LVCN3,Neutral
B0D66LVCN3,Neutral
B0D643HW9W,Positive
B0D643HW9W,Positive
B0D643HW9W,Positive
B0D643HW9W,Neutral
B0D643HW9W,Positive
B0D5SNKGZ4,Neutral
B0D5SNKGZ4,Neutral
B0D5SNKGZ4,Neutral
B0D5SNKGZ4,Positive
B0D5SNKGZ4,Neutral
B0D5P4QTQ4,Neutral
B0D5MHVZP2,Positive
B0D5J19W6F,Positive
B0D5J19W6F,Positive
B0D5J19W6F,Positive
B0D5J19W6F,Positive
B0D5J19W6F,Positive
B0D5HZVQDL,Positive
B0D5HZVQDL,Positive
B0D5HZVQDL,Positive
B0D5HZVQDL,Positive
B0D5HZVQDL,Positive
B0D5GVVG2W,Positive
B0D5GVVG2W,Positive
B0D5GVVG2W,Negative
B0D5G1J9DV,Positive
B0D5G1J9DV,Positive
B0D5G1J9DV,Positive
B0D5G1J9DV,Neutral
B0D5G1J9DV,Neutral
B0D5D7KTZQ,Positive
B0D59MP75J,Positive
B0D59MP75J,Neutral
B0D59MP75J,Positive
B0D59MP75J,Positive
B0D59MP75J,Positive
B0D54V6F4K,Positive
B0D54V6F4K,Positive
B0D54T8JQY,Positive
B0D54T8JQY,Positive
B0D54T7ZGR,Positive
B0D54T7ZGR,Positive
B0D54SMDRZ,Positive
B0D54SMDRZ,Positive
B0D54CJQHM,Neutral
B0D54CJQHM,Positive
B0D54CJQHM,Positive
B0D53S2PZG,Positive
B0D53S2PZG,Positive
B0D53S2PZG,Positive
B0D53S2PZG,Positive
B0D53S2PZG,Positive
B0D53DK5VK,Positive
B0D53DK5VK,Positive
B0D53DK5VK,Positive
B0D53DK5VK,Positive
B0D53DK5VK,Positive
B0D53DHW55,Positive
B0D53DHW55,Positive
B0D53DHW55,Positive
B0D53DHW55,Positive
B0D53DHW55,Positive
B0D4YNGTBW,Negative
B0D4YJPV6C,Negative
B0D4YH75TC,Negative
B0D4YFNX34,Negative
B0D4YFNX34,Neutral
B0D4YFNX34,Neutral
B0D4YFNX34,Neutral
B0D4YFNX34,Negative
B0D4Y57XMY,Negative
B0D4Y57XMY,Neutral
B0D4Y57XMY,Neutral
B0D4Y57XMY,Neutral
B0D4Y57XMY,Negative
B0D4XX57VB,Negative
B0D4XX57VB,Neutral
B0D4XX57VB,Neutral
B0D4XX57VB,Neutral
B0D4XX57VB,Negative
B0D4R6ZLZ2,Positive
B0D4R6ZLZ2,Positive
B0D4R6ZLZ2,Positive
B0D4R6ZLZ2,Neutral
B0D4R6ZLZ2,Positive
B0D4869YV1,Neutral
B0D4869YV1,Positive
B0D4869YV1,Positive
B0D4869YV1,Positive
B0D4869YV1,Neutral
B0D45SVF7H,Positive
B0D3WRZHJ1,Neutral
B0D3VDPX3M,Neutral
B0D3VDPX3M,Neutral
B0D3VDPX3M,Positive
B0D3VDPX3M,Neutral
B0D3VDPX3M,Positive
B0D3NP1N83,Positive
B0D3M4HN2G,Positive
B0D3LFVGX7,Positive
B0D3LFVGX7,Positive
B0D3LFVGX7,Neutral
B0D3JBWNSQ,Neutral
B0D3JB2GFF,Neutral
B0D3J8KQXD,Neutral
B0D3J2WS2G,Positive
B0D3GZ6T17,Positive
B0D3GXTGK2,Positive
B0D3GXH4BR,Positive
B0D3GWGB66,Positive
B0D3GWGB66,Positive
B0D3GWGB66,Positive
B0D3GWGB66,Positive
B0D3GWGB66,Positive
B0D3GTVTTQ,Positive
B0D3GTVTTQ,Positive
B0D3GTVTTQ,Positive
B0D3GTVTTQ,Positive
B0D3GTVTTQ,Positive
B0D3GSZC7D,Positive
B0D3GSZC7D,Positive
B0D3GSZC7D,Positive
B0D3GSZC7D,Positive
B0D3GSZC7D,Positive
B0D3GS843R,Positive
B0D3GS843R,Positive
B0D3GS843R,Positive
B0D3GS843R,Positive
B0D3GS843R,Positive
B0D3FPCDVP,Positive
B0D3FPCDVP,Positive
B0D3FPCDVP,Neutral
B0D3FPCDVP,Positive
B0D3FPCDVP,Neutral
B0D3CSL996,Positive
B0D3CSL996,Neutral
B0D3CSL996,Neutral
B0D3CSL996,Neutral
B0D3CSL996,Positive
B0D3CQG5TY,Positive
B0D3CQG5TY,Neutral
B0D3CQG5TY,Neutral
B0D3CQG5TY,Neutral
B0D3CQG5TY,Positive
B0D33NC672,Positive
B0D33NC672,Positive
B0D33NC672,Positive
B0D33NC672,Positive
B0D33NC672,Positive
B0D328HTLM,Positive
B0D2QPGP38,Positive
B0D2QPGP38,Neutral
B0D2QPGP38,Neutral
B0D2QPGP38,Positive
B0D2QPGP38,Negative
B0D2NR83JV,Positive
B0D2NR83JV,Neutral
B0D2NQCZ6F,Positive
B0D2NQCZ6F,Neutral
B0D2N6BHTF,Neutral
B0D2N6BHTF,Neutral
B0D2N6BHTF,Neutral
B0D2LTN3R6,Positive
B0D2LTN3R6,Neutral
B0D2LTN3R6,Positive
B0D2LTN3R6,Neutral
B0D2LTN3R6,Positive
B0D2BPQT6S,Neutral
B0D2787YTP,Positive
B0D26F4BG4,Positive
B0D26F4BG4,Neutral
B0D26F4BG4,Positive
B0D26F4BG4,Neutral
B0D26CSPWZ,Neutral
B0D26CSPWZ,Positive
B0D26CSPWZ,Positive
B0D26CSPWZ,Positive
B0D26CSPWZ,Positive
B0D24TG3VN,Positive
B0D24TG3VN,Positive
B0D24TG3VN,Neutral
B0D24TG3VN,Positive
B0D24TG3VN,Neutral
B0D1W19WLJ,Positive
B0D1W19WLJ,Positive
B0D1W19WLJ,Negative
B0D1W19WLJ,Positive
B0D1W19WLJ,Neutral
B0D1MMQQYS,Positive
B0D1MMQQYS,Positive
B0D1MMQQYS,Positive
B0D1MMQQYS,Negative
B0D1MMQQYS,Positive
B0D1GTY34C,Neutral
B0D1C17LYK,Positive
B0D1C17LYK,Neutral
B0D1C17LYK,Positive
B0D1BZQFSC,Positive
B0D186D4FR,Positive
B0D1548FK1,Positive
B0D1548FK1,Positive
B0D1548FK1,Positive
B0D1548FK1,Positive
B0D1548FK1,Neutral
B0CZZX35CJ,Positive
B0CZZX35CJ,Positive
B0CZZX35CJ,Neutral
B0CZZX35CJ,Neutral
B0CZZX35CJ,Positive
B0CZZ7KL1J,Positive
B0CZZ7KL1J,Positive
B0CZZ7KL1J,Positive
B0CZZ7KL1J,Positive
B0CZZ7KL1J,Neutral
B0CZY48DCH,Positive
B0CZY48DCH,Negative
B0CZY48DCH,Positive
B0CZVRCN3Z,Positive
B0CZVRCN3Z,Neutral
B0CZVRCN3Z,Neutral
B0CZVRCN3Z,Neutral
B0CZVRCN3Z,Positive
B0CZVQXGRZ,Neutral
B0CZVQXGRZ,Neutral
B0CZVQXGRZ,Positive
B0CZVQXGRZ,Negative
B0CZSH2SP5,Positive
B0CZSH2SP5,Positive
B0CZSH2SP5,Positive
B0CZSH2SP5,Neutral
B0CZRG6ZRR,Positive
B0CZRG6ZRR,Positive
B0CZQ4GPDT,Positive
B0CZP2YZH6,Neutral
B0CZP2YZH6,Positive
B0CZLPB5PB,Positive
B0CZLPB5PB,Positive
B0CZLPB5PB,Positive
B0CZLPB5PB,Positive
B0CZLPB5PB,Positive
B0CZL2SLCJ,Positive
B0CZL2SLCJ,Positive
B0CZL2SLCJ,Positive
B0CZL2SLCJ,Neutral
B0CZL2SLCJ,Neutral
B0CZKS6XHB,Positive
B0CZKS6XHB,Positive
B0CZKS6XHB,Positive
B0CZKS6XHB,Positive
B0CZKS6XHB,Positive
B0CZF42W74,Negative
B0CZBS3XK8,Positive
B0CZBS3XK8,Positive
B0CZBS3XK8,Positive
B0CZBS3XK8,Neutral
B0CZBS3XK8,Positive
B0CZBS3XK8,Neutral
B0CZ7C1BCC,Neutral
B0CZ5924MG,Neutral
B0CZ5924MG,Positive
B0CZ5924MG,Neutral
B0CZ56TBWB,Positive
B0CZ56TBWB,Positive
B0CZ56TBWB,Neutral
B0CZ56TBWB,Neutral
B0CZ56TBWB,Neutral
B0CZ54M6FR,Positive
B0CZ54M6FR,Positive
B0CZ54M6FR,Neutral
B0CZ4GM3C2,Positive
B0CZ3FNCQH,Neutral
B0CZ3D3GP2,Neutral
B0CZ3CP374,Neutral
B0CZ382J1T,Neutral
B0CYZB17HM,Positive
B0CYZB17HM,Positive
B0CYZB17HM,Positive
B0CYZB17HM,Positive
B0CYZB17HM,Neutral
B0CYWNV6HG,Positive
B0CYQ4Q821,Positive
B0CYQ4Q821,Positive
B0CYQ4Q821,Neutral
B0CYQ4Q821,Neutral
B0CYQ4Q821,Positive
B0CYNL2PZW,Neutral
B0CYNL2PZW,Positive
B0CYNHTTBW,Neutral
B0CYNHTTBW,Positive
B0CYN9QZKT,Neutral
B0CYN9QZKT,Positive
B0CY5FPT6R,Neutral
B0CY3D78GL,Positive
B0CY3D78GL,Positive
B0CY3D78GL,Neutral
B0CY3D78GL,Neutral
B0CY3D78GL,Neutral
B0CXV97Q74,Positive
B0CXP5HG74,Positive
B0CXP5HG74,Neutral
B0CXP5HG74,Neutral
B0CXP5HG74,Positive
B0CXP5HG74,Positive
B0CXP5HG74,Negative
B0CXL1BGTX,Neutral
B0CXL1BGTX,Positive
B0CXL1BGTX,Positive
B0CXL1BGTX,Positive
B0CXL1BGTX,Positive
B0CXG3DBQV,Positive
B0CXG3DBQV,Neutral
B0CXG3DBQV,Positive
B0CXG3DBQV,Negative
B0CXG3DBQV,Positive
B0CXB7L9CH,Positive
B0CXB7L9CH,Positive
B0CXB7L9CH,Positive
B0CXB7L9CH,Neutral
B0CXB7L9CH,Neutral
B0CX4PZP72,Neutral
B0CX4PZP72,Neutral
B0CX4PZP72,Positive
B0CX4PZP72,Negative
B0CWTZW4MV,Positive
B0CWTZW4MV,Negative
B0CWKTGVMS,Negative
B0CWH5Y19L,Negative
B0CWH5Y19L,Neutral
B0CWH5R26S,Negative
B0CWH5R26S,Neutral
B0CWG8218C,Positive
B0CWG8218C,Positive
B0CWG8218C,Positive
B0CWG8218C,Positive
B0CWG8218C,Positive
B0CWB3QTGF,Positive
B0CWB3QTGF,Positive
B0CWB3QTGF,Positive
B0CWB3QTGF,Positive
B0CWB3QTGF,Neutral
B0CW257698,Neutral
B0CW257698,Neutral
B0CW257698,Positive
B0CW257698,Positive
B0CW257698,Neutral
B0CVZ1297J,Positive
B0CVZ1297J,Positive
B0CVZ1297J,Positive
B0CVZ1297J,Positive
B0CVZ1297J,Positive
B0CVDKC9H8,Neutral
B0CV659QGL,Positive
B0CV659QGL,Positive
B0CV659QGL,Neutral
B0CV659QGL,Positive
B0CV659QGL,Negative
B0CV61D899,Positive
B0CV61D899,Neutral
B0CV61D899,Positive
B0CV61D899,Positive
B0CV61D899,Negative
B0CV47497F,Neutral
B0CV3CDRNG,Positive
B0CV3CDRNG,Positive
B0CV3CDRNG,Neutral
B0CV3CDRNG,Neutral
B0CV3CDRNG,Positive
B0CV2D3WF3,Positive
B0CV2D3WF3,Neutral
B0CV2D3WF3,Positive
B0CV14YNH5,Positive
B0CV14YNH5,Positive
B0CV14YNH5,Positive
B0CTWRHHBD,Positive
B0CTWRHHBD,Positive
B0CTWRHHBD,Neutral
B0CTLDY6KT,Neutral
B0CTLDY6KT,Positive
B0CTLDY6KT,Neutral
B0CTLDY6KT,Neutral
B0CTLDY6KT,Neutral
B0CTD6GP24,Negative
B0CTCKQT4Y,Positive
B0CT4BHS2M,Neutral
B0CT4BHS2M,Neutral
B0CT4BHS2M,Neutral
B0CT4BHS2M,Neutral
B0CT4BHS2M,Neutral
B0CT3DH9PH,Positive
B0CT3DH9PH,Positive
B0CT3DH9PH,Positive
B0CT3DH9PH,Positive
B0CT3DH9PH,Positive
B0CT2LTCFJ,Neutral
B0CT2DN7DZ,Neutral
B0CT2DN7DZ,Negative
B0CSZ3582K,Neutral
B0CSWDHV8V,Positive
B0CSWDHV8V,Positive
B0CSWDHV8V,Neutral
B0CSWDHV8V,Positive
B0CSWDHV8V,Neutral
B0CSNNGFML,Positive
B0CSNNGFML,Positive
B0CSNNGFML,Positive
B0CSNNGFML,Positive
B0CSNNGFML,Positive
B0CSK4S1SR,Positive
B0CSK4S1SR,Positive
B0CSK4S1SR,Positive
B0CSK4S1SR,Positive
B0CSK4S1SR,Positive
B0CS6GQ45B,Positive
B0CS6GQ45B,Positive
B0CS6GQ45B,Positive
B0CS6GQ45B,Negative
B0CS4NJWCR,Neutral
B0CS4NJWCR,Neutral
B0CS4NJWCR,Positive
B0CRYJWB44,Positive
B0CRYJWB44,Neutral
B0CRYJWB44,Negative
B0CRWWB5RJ,Positive
B0CRWWB5RJ,Positive
B0CRWWB5RJ,Positive
B0CRWWB5RJ,Neutral
B0CRWWB5RJ,Positive
B0CRVJ3BXM,Positive
B0CRVJ3BXM,Positive
B0CRVHGD1H,Positive
B0CRVHGD1H,Positive
B0CRVHFYT9,Positive
B0CRVHFYT9,Positive
B0CRVH3B4Q,Positive
B0CRVH3B4Q,Positive
B0CRVG8FS7,Positive
B0CRVG8FS7,Positive
B0CRVG3CKC,Positive
B0CRVG3CKC,Positive
B0CRSKRD4X,Neutral
B0CRSGVWZ8,Neutral
B0CRS7JRJ8,Neutral
B0CRS6MBV5,Neutral
B0CRRVX8XW,Neutral
B0CRRVX8XW,Neutral
B0CRRVX8XW,Neutral
B0CRRVX8XW,Neutral
B0CRRVX8XW,Positive
B0CRRVGK4S,Neutral
B0CRRVGK4S,Neutral
B0CRRVGK4S,Neutral
B0CRRVGK4S,Neutral
B0CRRVGK4S,Positive
B0CRR4KG82,Neutral
B0CRQYR5KG,Neutral
B0CRN26FRK,Positive
B0CRLZFH5P,Negative
B0CRLZFH5P,Neutral
B0CRLZFH5P,Positive
B0CRLZFH5P,Neutral
B0CRLZFH5P,Neutral
B0CRLFVRHK,Positive
B0CRLFVRHK,Neutral
B0CRLFVRHK,Positive
B0CRLFVRHK,Neutral
B0CRLFVRHK,Positive
B0CRDWY96X,Neutral
B0CRDWY96X,Positive
B0CRDWY96X,Positive
B0CRD43GY6,Positive
B0CRD43GY6,Positive
B0CRD43GY6,Positive
B0CRD43GY6,Neutral
B0CRD43GY6,Positive
B0CRD43GY6,Positive
B0CR7YVVR8,Negative
B0CR7YVVR8,Neutral
B0CR7YVVR8,Positive
B0CR7YVVR8,Positive
B0CR7YVVR8,Negative
B0CR5SC51X,Neutral
B0CR5SC51X,Positive
B0CR5SC51X,Positive
B0CR5SC51X,Positive
B0CR5SC51X,Neutral
B0CR5B3YP9,Neutral
B0CR5B3YP9,Neutral
B0CR5B3YP9,Positive
B0CR5B3YP9,Neutral
B0CR5B3YP9,Negative
B0CR4D7FFZ,Positive
B0CR4D7FFZ,Positive
B0CR4D7FFZ,Negative
B0CR4D7FFZ,Neutral
B0CR4D7FFZ,Positive
B0CQZ72T7H,Positive
B0CQZ72T7H,Neutral
B0CQZ72T7H,Positive
B0CQZ6Y4VX,Positive
B0CQRBBRCC,Neutral
B0CQR7MMZ4,Neutral
B0CQN3FDH5,Positive
B0CQN3FDH5,Positive
B0CQN3FDH5,Positive
B0CQN3FDH5,Positive
B0CQN3FDH5,Positive
B0CQM3HK33,Positive
B0CQM3HK33,Positive
B0CQM3HK33,Negative
B0CQM3HK33,Neutral
B0CQM3HK33,Neutral
B0CQKNP485,Positive
B0CQKNP485,Positive
B0CQKNP485,Negative
B0CQKD3YBD,Positive
B0CQKD3YBD,Positive
B0CQKD3YBD,Positive
B0CQKD3YBD,Neutral
B0CQKD3YBD,Positive
B0CQHWCHXP,Neutral
B0CQGLLWWK,Neutral
B0CQGLLWWK,Negative
B0CQGLLWWK,Neutral
B0CQB84CTP,Positive
B0CQB84CTP,Positive
B0CQB84CTP,Neutral
B0CQB84CTP,Positive
B0CQB84CTP,Neutral
B0CQ25SSNH,Neutral
B0CQ25SSNH,Positive
B0CQ25SSNH,Neutral
B0CQ25SSNH,Positive
B0CQ25SSNH,Negative
B0CQ25SSNH,Negative
B0CPXX3G9T,Neutral
B0CPXX3G9T,Positive
B0CPXX3G9T,Negative
B0CPXX3G9T,Positive
B0CPXX3G9T,Neutral
B0CPXPVGHD,Positive
B0CPXPVGHD,Neutral
B0CPXPVGHD,Positive
B0CPXPVGHD,Positive
B0CPXPVGHD,Positive
B0CPXPVGHD,Neutral
B0CPDYV4DN,Positive
B0CPB1P2S5,Positive
B0CPB1P2S5,Positive
B0CPB1P2S5,Positive
B0CPB1P2S5,Neutral
B0CPB1P2S5,Positive
B0CP7WK71B,Positive
B0CP42D8LW,Positive
B0CP42D8LW,Positive
B0CP42D8LW,Neutral
B0CP42D8LW,Neutral
B0CP42D8LW,Negative
B0CP39TZG4,Positive
B0CP39TZG4,Positive
B0CP39TZG4,Positive
B0CP39TZG4,Negative
B0CP265X85,Positive
B0CP16K8WS,Positive
B0CP16K8WS,Positive
B0CP16K8WS,Neutral
B0CP16K8WS,Negative
B0CP16K8WS,Positive
B0CNY7MN5Q,Positive
B0CNY7MN5Q,Positive
B0CNY7MN5Q,Neutral
B0CNY7MN5Q,Negative
B0CNY7MN5Q,Neutral
B0CNY23Y1S,Positive
B0CNY23Y1S,Positive
B0CNY23Y1S,Positive
B0CNY23Y1S,Positive
B0CNY23Y1S,Positive
B0CNY23Y1S,Neutral
B0CNY23Y1S,Neutral
B0CNY23Y1S,Neutral
B0CNY23Y1S,Positive
B0CNRC9CPH,Positive
B0CNRC9CPH,Neutral
B0CNRC9CPH,Positive
B0CNKKF93C,Neutral
B0CNKK1GVQ,Neutral
B0CNJZ2SSW,Positive
B0CNJZ2SSW,Positive
B0CNJZ2SSW,Positive
B0CNJZ2SSW,Positive
B0CNJZ2SSW,Negative
B0CNJS41GT,Positive
B0CNJS41GT,Positive
B0CNJS41GT,Positive
B0CNJS41GT,Positive
B0CNJS41GT,Negative
B0CNJQ11RP,Positive
B0CNJQ11RP,Positive
B0CNJQ11RP,Positive
B0CNJQ11RP,Positive
B0CNJQ11RP,Negative
B0CNJNPR31,Positive
B0CNJNPR31,Positive
B0CNJNPR31,Positive
B0CNJNPR31,Positive
B0CNJNPR31,Negative
B0CNH2STHJ,Positive
B0CNH2STHJ,Neutral
B0CNH2STHJ,Positive
B0CNH2STHJ,Negative
B0CNGVGYF6,Positive
B0CNGVGYF6,Positive
B0CNG3D8WW,Positive
B0CNG3D8WW,Positive
B0CNG3D8WW,Positive
B0CNG3D8WW,Positive
B0CNG3D8WW,Positive
B0CNDTGC77,Positive
B0CNDTGC77,Neutral
B0CNDTGC77,Positive
B0CNDTGC77,Positive
B0CNDTGC77,Positive
B0CNDFW79J,Neutral
B0CNDFW79J,Neutral
B0CNDFW79J,Positive
B0CNDFW79J,Neutral
B0CNDFW79J,Negative
B0CNDDQ74N,Positive
B0CNDDQ74N,Neutral
B0CNDDQ74N,Positive
B0CNBD7TG7,Neutral
B0CN9B48LX,Neutral
B0CN9B48LX,Positive
B0CN9B48LX,Positive
B0CN9B48LX,Negative
B0CN9B48LX,Neutral
B0CN6HFVQ4,Negative
B0CN5L7R7R,Neutral
B0CN5L7R7R,Neutral
B0CN2ZKCXW,Positive
B0CN2ZKCXW,Neutral
B0CN1SBJT9,Positive
B0CN1SBJT9,Neutral
B0CN1SBJT9,Positive
B0CN1SBJT9,Neutral
B0CN1SBJT9,Neutral
B0CN1M1VMY,Positive
B0CMZ886XN,Neutral
B0CMZ886XN,Neutral
B0CMRYPQFV,Positive
B0CMRYPQFV,Positive
B0CMRYPQFV,Neutral
B0CMRYPQFV,Negative
B0CMRYPQFV,Neutral
B0CMRRFGVN,Positive
B0CMRRFGVN,Positive
B0CMRRFGVN,Positive
B0CMRRFGVN,Positive
B0CMJY886M,Neutral
B0CMJD9GB8,Neutral
B0CMJD9GB8,Neutral
B0CMJD9GB8,Positive
B0CMJD9GB8,Neutral
B0CMJD9GB8,Negative
B0CMDPJW1X,Neutral
B0CMCC99W8,Neutral
B0CM8JSG4G,Positive
B0CM8JSG4G,Positive
B0CM8JSG4G,Neutral
B0CM8JSG4G,Neutral
B0CM8JSG4G,Positive
B0CM859QJP,Neutral
B0CM859QJP,Neutral
B0CM859QJP,Neutral
B0CM3C2ZJL,Neutral
B0CM3C2ZJL,Negative
B0CM3C2ZJL,Neutral
B0CM3C2ZJL,Neutral
B0CM3C2ZJL,Neutral
B0CM2D3NHW,Positive
B0CM2D3NHW,Neutral
B0CM2D3NHW,Negative
B0CM2D3NHW,Neutral
B0CLXNNZ53,Positive
B0CLXNNZ53,Neutral
B0CLVPY37N,Positive
B0CLVPY37N,Positive
B0CLVPY37N,Neutral
B0CLVPY37N,Negative
B0CLVPY37N,Positive
B0CLS1CLWG,Positive
B0CLS1CLWG,Positive
B0CLS1CLWG,Positive
B0CLS1CLWG,Neutral
B0CLLFP74M,Neutral
B0CLLFP74M,Neutral
B0CLHCWNV8,Positive
B0CLHCWNV8,Positive
B0CLHCWNV8,Positive
B0CLHCWNV8,Positive
B0CLHCWNV8,Positive
B0CLHC8LXJ,Positive
B0CLHC8LXJ,Positive
B0CLHC8LXJ,Positive
B0CLHC8LXJ,Positive
B0CLHC8LXJ,Positive
B0CLGSQ2PZ,Neutral
B0CLGSQ2PZ,Neutral
B0CLGSQ2PZ,Positive
B0CLGSQ2PZ,Neutral
B0CLGGB88D,Positive
B0CLGGB88D,Positive
B0CLGGB88D,Positive
B0CLGGB88D,Neutral
B0CLGGB88D,Positive
B0CLGGB88D,Positive
B0CLGBF3KY,Positive
B0CLFTQPQ4,Positive
B0CLFTQPQ4,Positive
B0CLFTQPQ4,Positive
B0CLFTQPQ4,Positive
B0CLFTQPQ4,Neutral
B0CLD95P67,Positive
B0CLD95P67,Positive
B0CLD95P67,Negative
B0CLD95P67,Positive
B0CLD95P67,Neutral
B0CLB8P48K,Neutral
B0CLB8P48K,Positive
B0CLB8P48K,Positive
B0CLB7Z376,Neutral
B0CLB7Z376,Positive
B0CLB7Z376,Positive
B0CL92VVN4,Positive
B0CL92VVN4,Negative
B0CL92VVN4,Neutral
B0CL8MZ15K,Positive
B0CL8MZ15K,Negative
B0CL8MZ15K,Neutral
B0CKXYYDRW,Neutral
B0CKXXSC63,Neutral
B0CKXXSC63,Positive
B0CKXXSC63,Neutral
B0CKWZLD9K,Neutral
B0CKWZLD9K,Neutral
B0CKWZLD9K,Positive
B0CKVSQSR5,Positive
B0CKVSQSR5,Positive
B0CKVSQSR5,Positive
B0CKVSQSR5,Positive
B0CKVSQSR5,Neutral
B0CKVDPH4C,Neutral
B0CKVDPH4C,Positive
B0CKVDPH4C,Neutral
B0CKVDPH4C,Positive
B0CKVDPH4C,Positive
B0CKVD9SN5,Neutral
B0CKVBSLZB,Neutral
B0CKSVKL2Y,Neutral
B0CKQ262C9,Positive
B0CKQ262C9,Neutral
B0CKQ262C9,Neutral
B0CKN89X86,Positive
B0CKN89X86,Positive
B0CKN89X86,Positive
B0CKN89X86,Positive
B0CKN89X86,Positive
B0CKN62WBD,Positive
B0CKN62WBD,Positive
B0CKN62WBD,Positive
B0CKN62WBD,Positive
B0CKN62WBD,Positive
B0CKJWP1M8,Positive
B0CKJWP1M8,Neutral
B0CKJWP1M8,Positive
B0CKJWP1M8,Neutral
B0CKJWP1M8,Neutral
B0CKGLXBFB,Positive
B0CKFNYD8N,Positive
B0CKFNYD8N,Positive
B0CKFNYD8N,Neutral
B0CKFNYD8N,Positive
B0CKFNYD8N,Positive
B0CKB8MNGR,Positive
B0CKB8MNGR,Positive
B0CKB8MNGR,Positive
B0CKB8MNGR,Neutral
B0CKB8MNGR,Positive
B0CK9JSM3G,Positive
B0CK9JSM3G,Positive
B0CK9JSM3G,Positive
B0CK9JSM3G,Positive
B0CK9JSM3G,Positive
B0CJPV1FT7,Positive
B0CJPBVWWG,Positive
B0CJPBVWWG,Positive
B0CJPBVWWG,Positive
B0CJPBVWWG,Positive
B0CJPBVWWG,Positive
B0CJLVR1SX,Neutral
B0CJG1RJCX,Positive
B0CJFFZJQJ,Positive
B0CJFFZJQJ,Negative
B0CJFFZJQJ,Neutral
B0CJFFBGSJ,Neutral
B0CJFFBGSJ,Positive
B0CJFFBGSJ,Neutral
B0CJFFBGSJ,Positive
B0CJF9SYQC,Neutral
B0CJF9SYQC,Positive
B0CJF9SYQC,Neutral
B0CJF9SYQC,Positive
B0CJ2LBV19,Positive
B0CJ2LBV19,Positive
B0CJ2LBV19,Positive
B0CJ2LBV19,Positive
B0CJ2LBV19,Positive
B0CJ2L3DXX,Positive
B0CJ2L3DXX,Positive
B0CJ2L3DXX,Positive
B0CJ2L3DXX,Positive
B0CJ2L3DXX,Positive
B0CHZH2H7W,Positive
B0CHZH2H7W,Positive
B0CHZH2H7W,Neutral
B0CHZH2H7W,Positive
B0CHZH2H7W,Neutral
B0CHW9PQ9X,Positive
B0CHW8SKYC,Positive
B0CHW8LS7V,Positive
B0CHW5M92V,Positive
B0CHVT67C8,Negative
B0CHVS3R37,Negative
B0CHVR9G35,Negative
B0CHVR23CJ,Negative
B0CHVQR371,Negative
B0CHV4GWK4,Positive
B0CHN6CNXX,Neutral
B0CHN3YKW8,Positive
B0CHN3YKW8,Positive
B0CHN3YKW8,Positive
B0CHN3YKW8,Positive
B0CHN3YKW8,Positive
B0CH5S5T8H,Neutral
B0CH5RLRWG,Positive
B0CGYGS2SX,Neutral
B0CGYGS2SX,Neutral
B0CGYGS2SX,Positive
B0CGYGS2SX,Neutral
B0CGYGS2SX,Negative
B0CGR7S5BH,Neutral
B0CGLTCXKL,Neutral
B0CGJGZZ1L,Positive
B0CGJGZZ1L,Positive
B0CGJGZZ1L,Positive
B0CGJGZZ1L,Positive
B0CGJGZZ1L,Positive
B0CG77MZJ9,Positive
B0CG77MZJ9,Negative
B0CG77MZJ9,Negative
B0CG5R1XT8,Positive
B0CG1NGZGP,Neutral
B0CFX9W8DW,Positive
B0CFX9W8DW,Positive
B0CFX9W8DW,Positive
B0CFX9W8DW,Neutral
B0CFX9W8DW,Positive
B0CFWZZF3J,Positive
B0CFWZZF3J,Positive
B0CFWZZF3J,Positive
B0CFWZZF3J,Neutral
B0CFWZZF3J,Positive
B0CFWYRVTL,Positive
B0CFWYRVTL,Positive
B0CFWYRVTL,Positive
B0CFWYRVTL,Neutral
B0CFWYRVTL,Positive
B0CFWV9YBM,Positive
B0CFWV9YBM,Positive
B0CFWV9YBM,Positive
B0CFWV9YBM,Neutral
B0CFWV9YBM,Positive
B0CFWKP1HT,Positive
B0CFWKP1HT,Positive
B0CFWKP1HT,Positive
B0CFWKP1HT,Neutral
B0CFWKP1HT,Positive
B0CFVF6YYG,Positive
B0CFK5VHFC,Positive
B0CFG749HQ,Positive
B0CFDW9KG7,Neutral
B0CFDW9KG7,Neutral
B0CFDW9KG7,Positive
B0CFDW9KG7,Negative
B0CF6R55R2,Neutral
B0CF6R55R2,Positive
B0CF6633DK,Neutral
B0CF62H34N,Positive
B0CF62H34N,Positive
B0CF62H34N,Neutral
B0CF62H34N,Positive
B0CF62H34N,Neutral
B0CF2P9JL7,Positive
B0CDX8XDML,Positive
B0CDWFT4HT,Negative
B0CDWFT4HT,Positive
B0CDW91888,Positive
B0CDW91888,Neutral
B0CDW91888,Positive
B0CDW91888,Positive
B0CDW91888,Neutral
B0CDTT6DTW,Positive
B0CDQTSSTR,Neutral
B0CDQTSSTR,Positive
B0CDQTSSTR,Positive
B0CDQTSSTR,Positive
B0CDQTSSTR,Positive
B0CDQP97HX,Negative
B0CDM73J2Q,Positive
B0CDHPNX1V,Neutral
B0CDHPNX1V,Neutral
B0CDHPNX1V,Neutral
B0CDHPC3GR,Neutral
B0CDHPC3GR,Positive
B0CDH3FXQG,Neutral
B0CDH3FXQG,Positive
B0CDH3FXQG,Positive
B0CD79S1M6,Positive
B0CD2JCHPV,Neutral
B0CCZYDHD7,Negative
B0CCYKG3HM,Neutral
B0CCYJWFZM,Positive
B0CCY66XNS,Positive
B0CCY66XNS,Neutral
B0CCY66XNS,Neutral
B0CCY66XNS,Positive
B0CCY66XNS,Positive
B0CCV6KBNY,Positive
B0CCTQBTZC,Neutral
B0CCTQBTZC,Neutral
B0CCTQBTZC,Negative
B0CCTNXG97,Neutral
B0CCTNXG97,Neutral
B0CCTNXG97,Negative
B0CCRNWG6D,Positive
B0CCRNWG6D,Positive
B0CCRNWG6D,Positive
B0CCRNWG6D,Positive
B0CCRNWG6D,Neutral
B0CCRNWG6D,Positive
B0CCRNWG6D,Positive
B0CCRNWG6D,Neutral
B0CCRNWG6D,Negative
B0CCK66G1Z,Positive
B0CCK66G1Z,Positive
B0CCK66G1Z,Positive
B0CCK3L24B,Positive
B0CCK3L24B,Neutral
B0CCK16891,Positive
B0CCK16891,Neutral
B0CCJZRBKR,Positive
B0CCJZRBKR,Neutral
B0CCG6F2PL,Neutral
B0CCG6F2PL,Neutral
B0CCFV7G4S,Neutral
B0CCFV7G4S,Neutral
B0CCCX3H1Y,Positive
B0CCCX3H1Y,Neutral
B0CCCX3H1Y,Neutral
B0CCCX3H1Y,Neutral
B0CCCWYSSH,Positive
B0CCCWYSSH,Neutral
B0CCCWYSSH,Neutral
B0CCCWYSSH,Neutral
B0CCCWCYGT,Positive
B0CCCWCYGT,Neutral
B0CCCWCYGT,Neutral
B0CCCWCYGT,Neutral
B0CC85HC6N,Positive
B0CC85HC6N,Positive
B0CC85HC6N,Neutral
B0CC85HC6N,Neutral
B0CC5VSJXS,Positive
B0CC5VSJXS,Neutral
B0CC5VSJXS,Positive
B0CC5VSJXS,Positive
B0CC5VSJXS,Positive
B0CC1T9XM9,Neutral
B0CC1T9XM9,Negative
B0CC1T9XM9,Neutral
B0CBTJMNPR,Negative
B0CBTJMNPR,Neutral
B0CBTJMNPR,Positive
B0CBTJMNPR,Neutral
B0CBTJMNPR,Positive
B0CBSV31Z8,Neutral
B0CBS9CDRQ,Positive
B0CBS9CDRQ,Positive
B0CBS9CDRQ,Positive
B0CBS9CDRQ,Positive
B0CBS9CDRQ,Positive
B0CBS86Y1W,Positive
B0CBS86Y1W,Positive
B0CBS86Y1W,Positive
B0CBS86Y1W,Positive
B0CBS86Y1W,Positive
B0CBRGR9Y4,Neutral
B0CBRGR9Y4,Negative
B0CBPMYMGH,Neutral
B0CBPMYMGH,Positive
B0CBPMYMGH,Neutral
B0CBPMYMGH,Neutral
B0CBLGZFPW,Positive
B0CBLGZFPW,Neutral
B0CBLGZFPW,Positive
B0CBLGZFPW,Positive
B0CBLGZFPW,Neutral
B0CBJ46QZX,Neutral
B0CBJ46QZX,Positive
B0CBJ46QZX,Positive
B0CBJ46QZX,Positive
B0CBJ46QZX,Positive
B0CB7ZNKW4,Positive
B0CB7ZNKW4,Neutral
B0CB7ZNKW4,Neutral
B0CB7ZNKW4,Positive
B0CB7ZNKW4,Positive
B0CB6TFT9K,Positive
B0CB6TFT9K,Neutral
B0CB6TFT9K,Negative
B0CB6TFT9K,Neutral
B0CB6TFT9K,Neutral
B0CB5NZRZM,Positive
B0CB5NZRZM,Neutral
B0CB5NZRZM,Positive
B0CB5NZRZM,Neutral
B0CB5NZRZM,Neutral
B0C9YTXLYG,Negative
B0C9YTXLYG,Neutral
B0C9YTXLYG,Negative
B0C9TWV6QY,Neutral
B0C9TWV6QY,Positive
B0C9TWV6QY,Positive
B0C9SGXHWR,Neutral
B0C9SGXHWR,Negative
B0C9SGXHWR,Neutral
B0C9SGXHWR,Neutral
B0C9JZ78NH,Positive
B0C9JZ78NH,Neutral
B0C9HLC45Y,Positive
B0C9HLC45Y,Negative
B0C9H6CMJ1,Neutral
B0C9H6CMJ1,Neutral
B0C8ZZJRSL,Neutral
B0C8ZZJRSL,Negative
B0C8ZZJRSL,Positive
B0C8ZZJRSL,Positive
B0C8ZZJRSL,Negative
B0C8Y8ZZGW,Neutral
B0C8T3SXW6,Positive
B0C8T3SXW6,Positive
B0C8T3SXW6,Neutral
B0C8T3SXW6,Neutral
B0C8LTZ16H,Neutral
B0C8LTZ16H,Positive
B0C8LTZ16H,Neutral
B0C8LTZ16H,Neutral
B0C8LTZ16H,Neutral
B0C85LVH6W,Positive
B0C85LVH6W,Positive
B0C85LVH6W,Positive
B0C85LVH6W,Positive
B0C7ZH76F7,Positive
B0C7ZH76F7,Neutral
B0C7ZH76F7,Positive
B0C7ZH76F7,Positive
B0C7ZH5F5W,Positive
B0C7ZH5F5W,Neutral
B0C7ZH5F5W,Positive
B0C7ZH5F5W,Positive
B0C7Z9GRMS,Positive
B0C7LPWJ8C,Positive
B0C7LPWJ8C,Neutral
B0C7LPWJ8C,Neutral
B0C7LPWJ8C,Neutral
B0C7LPWJ8C,Neutral
B0C7GLKS21,Neutral
B0C7GLKS21,Positive
B0C7GLKS21,Positive
B0C7GLKS21,Neutral
B0C7GLKS21,Neutral
B0C7CDB4PY,Neutral
B0C7CDB4PY,Positive
B0C7CDB4PY,Positive
B0C7CDB4PY,Neutral
B0C7CDB4PY,Positive
B0C7BKP6QP,Positive
B0C7BKP6QP,Neutral
B0C7BKP6QP,Neutral
B0C7BKP6QP,Neutral
B0C7BD3MFD,Positive
B0C7BD3MFD,Neutral
B0C7BD3MFD,Neutral
B0C7BD3MFD,Neutral
B0C74VT3NG,Positive
